73579;Alberto Fraga;dem;DF;1_sim;2_sim;3_sim;4_sim;5_sim;6_sim;7_sim;8_sim;9_sim;10_sim;11_sim;12_sim;13_sim;14_não;15_não;16_não;17_não;18_sim;19_sim
160545;Alexandre Leite;dem;SP;1_sim;2_não_votou;3_não;4_sim;5_sim;6_sim;7_sim;8_sim;9_sim;10_sim;11_sim;12_sim;13_abstenção;14_não;15_não;16_sim;17_sim;18_sim;19_sim
74651;Carlos Melles;dem;MG;1_sim;2_não_votou;3_sim;4_sim;5_sim;6_sim;7_sim;8_sim;9_sim;10_sim;11_sim;12_não;13_sim;14_não_votou;15_sim;16_não;17_sim;18_sim;19_não
74537;Claudio Cajado;dem;BA;1_não_votou;2_não_votou;3_sim;4_não_votou;5_sim;6_sim;7_sim;8_sim;9_não_votou;10_sim;11_sim;12_sim;13_não_votou;14_sim;15_sim;16_não_votou;17_sim;18_não_votou;19_não_votou
141422;Efraim Filho;dem;PB;1_sim;2_sim;3_não_votou;4_não_votou;5_sim;6_sim;7_sim;8_sim;9_sim;10_sim;11_sim;12_não;13_sim;14_não;15_não;16_não;17_sim;18_sim;19_sim
160532;Eli Corrêa Filho;dem;SP;1_não_votou;2_não_votou;3_sim;4_sim;5_sim;6_sim;7_sim;8_não_votou;9_sim;10_não_votou;11_sim;12_sim;13_sim;14_não;15_não;16_não;17_sim;18_sim;19_não_votou
178854;Elmar Nascimento;dem;BA;1_sim;2_sim;3_não;4_sim;5_sim;6_sim;7_sim;8_sim;9_sim;10_sim;11_sim;12_sim;13_não;14_não_votou;15_sim;16_não;17_sim;18_sim;19_sim
141429;Felipe Maia;dem;RN;1_sim;2_sim;3_não_votou;4_sim;5_sim;6_sim;7_sim;8_sim;9_sim;10_sim;11_sim;12_sim;13_abstenção;14_não;15_não;16_não;17_sim;18_sim;19_sim
178909;Hélio Leite;dem;PA;1_sim;2_sim;3_sim;4_sim;5_sim;6_sim;7_sim;8_sim;9_sim;10_não;11_sim;12_não;13_não;14_não;15_não;16_não;17_sim;18_não_votou;19_não
73535;Jorge Tadeu Mudalen;dem;SP;1_sim;2_sim;3_sim;4_sim;5_sim;6_sim;7_sim;8_não;9_sim;10_sim;11_sim;12_sim;13_abstenção;14_não;15_não;16_não;17_sim;18_sim;19_não
74553;José Carlos Aleluia;dem;BA;1_sim;2_sim;3_sim;4_não;5_sim;6_sim;7_sim;8_sim;9_sim;10_não;11_sim;12_não;13_não_votou;14_sim;15_sim;16_não;17_sim;18_sim;19_não
160633;Mandetta;dem;MS;1_sim;2_sim;3_sim;4_sim;5_não;6_sim;7_sim;8_não;9_sim;10_não;11_sim;12_sim;13_sim;14_não;15_não;16_não;17_sim;18_sim;19_sim
160660;Marcelo Aguiar;dem;SP;1_sim;2_sim;3_não;4_sim;5_sim;6_sim;7_sim;8_sim;9_não_votou;10_sim;11_sim;12_sim;13_abstenção;14_sim;15_sim;16_sim;17_sim;18_sim;19_não
74428;Mendonça Filho;dem;PE;1_sim;2_sim;3_não_votou;4_sim;5_sim;6_sim;7_sim;8_sim;9_não_votou;10_sim;11_sim;12_não;13_não_votou;14_não;15_não;16_não;17_sim;18_sim;19_não
178895;Misael Varella;dem;MG;1_sim;2_sim;3_sim;4_sim;5_sim;6_sim;7_sim;8_não;9_sim;10_sim;11_sim;12_sim;13_não;14_não_votou;15_sim;16_sim;17_sim;18_sim;19_sim
74457;Moroni Torgan;dem;CE;1_sim;2_não;3_não_votou;4_sim;5_sim;6_sim;7_sim;8_não;9_não;10_sim;11_sim;12_sim;13_sim;14_não;15_não;16_não;17_sim;18_sim;19_não
74399;Onyx Lorenzoni;dem;RS;1_não_votou;2_não_votou;3_não_votou;4_não_votou;5_sim;6_sim;7_não_votou;8_não_votou;9_sim;10_não_votou;11_sim;12_não_votou;13_não;14_não_votou;15_não;16_não;17_sim;18_sim;19_não
180545;Osmar Bertoldi;dem;PR;1_não_votou;2_não_votou;3_não_votou;4_não_votou;5_não_votou;6_não_votou;7_não_votou;8_não_votou;9_sim;10_não_votou;11_sim;12_não_votou;13_não_votou;14_não;15_não;16_não_votou;17_não_votou;18_não_votou;19_não_votou
74095;Pauderney Avelino;dem;AM;1_não_votou;2_não_votou;3_não_votou;4_não_votou;5_sim;6_sim;7_sim;8_sim;9_sim;10_sim;11_sim;12_sim;13_abstenção;14_não;15_não;16_não;17_sim;18_sim;19_não
178860;Paulo Azi;dem;BA;1_sim;2_sim;3_não;4_sim;5_sim;6_sim;7_sim;8_sim;9_sim;10_sim;11_sim;12_sim;13_abstenção;14_não_votou;15_sim;16_sim;17_sim;18_sim;19_não
160639;Professora Dorinha Seabra Rezende;dem;TO;1_sim;2_não_votou;3_sim;4_sim;5_não;6_não;7_sim;8_não;9_não;10_não;11_sim;12_sim;13_sim;14_não;15_não;16_sim;17_sim;18_sim;19_sim
74693;Rodrigo Maia;dem;RJ;1_sim;2_sim;3_não_votou;4_sim;5_sim;6_sim;7_sim;8_sim;9_sim;10_sim;11_sim;12_sim;13_abstenção;14_sim;15_sim;16_não;17_sim;18_sim;19_não
74057;Alice Portugal;pcdob;BA;1_não;2_não;3_sim;4_não_votou;5_não;6_não_votou;7_não;8_não;9_não;10_sim;11_não;12_sim;13_sim;14_não_votou;15_sim;16_não;17_não;18_sim;19_não
178927;Aliel Machado;pcdob;PR;1_não_votou;2_sim;3_sim;4_não;5_não;6_não;7_não;8_não;9_não;10_sim;11_não;12_sim;13_sim;14_sim;15_não;16_não;17_não_votou;18_sim;19_não
74474;Carlos Eduardo Cadoca;pcdob;PE;1_não;2_não;3_sim;4_não;5_não;6_não;7_não;8_não;9_sim;10_sim;11_não;12_sim;13_sim;14_sim;15_sim;16_não;17_sim;18_não_votou;19_não
141440;Chico Lopes;pcdob;CE;1_não;2_não;3_sim;4_não;5_não;6_não;7_não;8_não;9_não;10_sim;11_não;12_sim;13_sim;14_sim;15_sim;16_não;17_não;18_sim;19_não
74060;Daniel Almeida;pcdob;BA;1_não;2_não;3_sim;4_não;5_não;6_não;7_não;8_não;9_não;10_sim;11_não;12_sim;13_sim;14_sim;15_sim;16_não;17_não;18_sim;19_não
101309;Davidson Magalhães;pcdob;BA;1_não;2_não;3_sim;4_não;5_não;6_não;7_não;8_não;9_não;10_sim;11_não;12_sim;13_sim;14_sim;15_sim;16_não;17_não;18_sim;19_não
74848;Jandira Feghali;pcdob;RJ;1_não;2_não;3_sim;4_não;5_não;6_não;7_não;8_não;9_não;10_sim;11_não;12_sim;13_sim;14_sim;15_sim;16_não;17_não;18_sim;19_não
178965;João Derly;pcdob;RS;1_não_votou;2_não;3_sim;4_não_votou;5_não;6_não;7_não;8_não;9_não;10_sim;11_não;12_sim;13_sim;14_sim;15_não;16_não;17_não;18_sim;19_não_votou
141503;Jô Moraes;pcdob;MG;1_não;2_não_votou;3_sim;4_não;5_não;6_não;7_não;8_não;9_não;10_sim;11_não;12_sim;13_não_votou;14_sim;15_sim;16_não;17_não;18_não_votou;19_não
160628;Luciana Santos;pcdob;PE;1_não;2_não_votou;3_sim;4_não;5_não;6_não;7_não;8_não;9_não;10_sim;11_não;12_sim;13_sim;14_sim;15_sim;16_não;17_não;18_sim;19_não
178987;Orlando Silva;pcdob;SP;1_não;2_não;3_sim;4_não;5_não;6_não;7_não;8_não;9_não;10_sim;11_não;12_sim;13_sim;14_sim;15_sim;16_não;17_não;18_sim;19_não
178887;Rubens Pereira Júnior;pcdob;MA;1_não;2_não;3_sim;4_não;5_não;6_não;7_não;8_não;9_não;10_sim;11_não;12_sim;13_não_votou;14_sim;15_sim;16_não;17_não;18_não_votou;19_não
137853;Wadson Ribeiro;pcdob;MG;1_não;2_não;3_sim;4_não;5_não;6_não;7_não;8_não;9_não;10_sim;11_não;12_sim;13_sim;14_sim;15_sim;16_não;17_não;18_sim;19_não
178957;Abel Mesquita Jr.;pdt;RR;1_não;2_não;3_não_votou;4_sim;5_não;6_sim;7_sim;8_sim;9_sim;10_não;11_sim;12_sim;13_sim;14_não;15_não;16_sim;17_não;18_sim;19_sim
178835;Afonso Motta;pdt;RS;1_sim;2_não;3_sim;4_sim;5_não;6_não;7_não;8_não;9_sim;10_não;11_sim;12_sim;13_sim;14_não;15_não;16_sim;17_não;18_sim;19_sim
133439;André Figueiredo;pdt;CE;1_não_votou;2_não_votou;3_sim;4_sim;5_não;6_não;7_não;8_não;9_sim;10_não;11_não_votou;12_sim;13_sim;14_não;15_não;16_não_votou;17_não_votou;18_sim;19_não_votou
141411;Dagoberto;pdt;MS;1_sim;2_não;3_sim;4_sim;5_não;6_não;7_não;8_não;9_sim;10_não;11_sim;12_sim;13_sim;14_não;15_não;16_sim;17_não;18_sim;19_sim
74467;Damião Feliciano;pdt;PB;1_não;2_sim;3_sim;4_sim;5_não;6_não;7_não;8_não;9_não;10_não;11_não;12_sim;13_sim;14_não;15_não;16_não_votou;17_não_votou;18_sim;19_não_votou
185500;Deoclides Macedo;pdt;MA;1_não_votou;2_não_votou;3_não_votou;4_não_votou;5_não_votou;6_não_votou;7_não_votou;8_não_votou;9_sim;10_não_votou;11_não_votou;12_não_votou;13_não_votou;14_não_votou;15_não_votou;16_não_votou;17_não_votou;18_não_votou;19_não_votou
160666;Félix Mendonça Júnior;pdt;BA;1_sim;2_sim;3_sim;4_sim;5_não;6_não;7_não;8_não;9_sim;10_não;11_sim;12_sim;13_sim;14_não;15_não;16_sim;17_não;18_sim;19_sim
160598;Flávia Morais;pdt;GO;1_não_votou;2_não_votou;3_sim;4_sim;5_não;6_não;7_não;8_não;9_sim;10_não;11_sim;12_sim;13_sim;14_não;15_não;16_não_votou;17_não_votou;18_sim;19_não_votou
191923;Flavio Nogueira;pdt;PI;1_sim;2_não_votou;3_não_votou;4_não_votou;5_não_votou;6_não_votou;7_não_votou;8_não_votou;9_não_votou;10_não_votou;11_não_votou;12_não_votou;13_não_votou;14_não_votou;15_não_votou;16_não_votou;17_não_votou;18_não_votou;19_não_votou
160673;Giovani Cherini;pdt;RS;1_sim;2_não;3_sim;4_sim;5_não;6_não;7_não_votou;8_não;9_sim;10_não;11_sim;12_sim;13_sim;14_não;15_não;16_sim;17_não;18_sim;19_sim
178826;Major Olimpio;pdt;SP;1_sim;2_sim;3_não;4_sim;5_sim;6_sim;7_não;8_não;9_sim;10_não;11_não;12_sim;13_abstenção;14_não_votou;15_não;16_sim;17_não;18_sim;19_sim
76287;Marcelo Matos;pdt;RJ;1_não;2_não;3_sim;4_sim;5_abstenção;6_sim;7_não;8_não;9_não;10_não;11_não;12_sim;13_sim;14_não;15_não;16_sim;17_não;18_sim;19_sim
167722;Marcos Rogério;pdt;RO;1_não;2_não_votou;3_não_votou;4_sim;5_sim;6_sim;7_não;8_não;9_não;10_abstenção;11_sim;12_sim;13_abstenção;14_não;15_não;16_sim;17_sim;18_sim;19_não
74158;Mário Heringer;pdt;MG;1_sim;2_não_votou;3_sim;4_sim;5_não;6_não;7_não_votou;8_não_votou;9_sim;10_não_votou;11_sim;12_não_votou;13_sim;14_não;15_não;16_sim;17_não;18_sim;19_sim
73486;Pompeo de Mattos;pdt;RS;1_sim;2_não_votou;3_sim;4_sim;5_não;6_não;7_não;8_não;9_não_votou;10_não;11_sim;12_sim;13_sim;14_não;15_não;16_sim;17_não;18_sim;19_não
178995;Roberto Góes;pdt;AP;1_não;2_não;3_sim;4_sim;5_não;6_não;7_sim;8_não;9_sim;10_não;11_não;12_não;13_sim;14_não;15_não;16_sim;17_não;18_sim;19_sim
178845;Ronaldo Lessa;pdt;AL;1_não;2_não;3_sim;4_abstenção;5_não;6_não;7_não_votou;8_não_votou;9_não_votou;10_não;11_não;12_não_votou;13_sim;14_não;15_não;16_sim;17_sim;18_sim;19_sim
191684;Rosângela Curado;pdt;MA;1_sim;2_não;3_não_votou;4_não_votou;5_não_votou;6_não_votou;7_não_votou;8_não_votou;9_não_votou;10_não_votou;11_não_votou;12_não_votou;13_não_votou;14_não_votou;15_não_votou;16_não_votou;17_não_votou;18_não_votou;19_não_votou
178874;Sergio Vidigal;pdt;ES;1_sim;2_não_votou;3_sim;4_sim;5_não;6_não;7_não;8_não;9_sim;10_não;11_não;12_sim;13_sim;14_não;15_não;16_abstenção;17_abstenção;18_sim;19_abstenção
177282;Subtenente Gonzaga;pdt;MG;1_não;2_não;3_sim;4_sim;5_não;6_sim;7_não;8_não;9_não;10_não;11_não_votou;12_sim;13_sim;14_não;15_não;16_sim;17_não;18_sim;19_sim
167493;Weverton Rocha;pdt;MA;1_não_votou;2_não_votou;3_sim;4_sim;5_não;6_não;7_não;8_não;9_sim;10_não;11_não;12_sim;13_sim;14_não;15_não;16_sim;17_não;18_sim;19_sim
74439;Wolney Queiroz;pdt;PE;1_não;2_não_votou;3_sim;4_sim;5_não;6_não;7_não;8_não;9_não;10_não;11_não;12_sim;13_não_votou;14_não;15_não;16_não;17_não;18_sim;19_sim
178882;André Fufuca;pen;MA;1_sim;2_não;3_sim;4_sim;5_sim;6_sim;7_sim;8_sim;9_sim;10_sim;11_sim;12_sim;13_sim;14_sim;15_sim;16_sim;17_não;18_sim;19_sim
178885;Junior Marreca;pen;MA;1_sim;2_não_votou;3_sim;4_não;5_sim;6_sim;7_sim;8_sim;9_sim;10_sim;11_não_votou;12_não_votou;13_não_votou;14_não;15_não_votou;16_sim;17_sim;18_não_votou;19_sim
178864;Adail Carneiro;phs;CE;1_sim;2_sim;3_sim;4_sim;5_não;6_não;7_sim;8_sim;9_sim;10_sim;11_sim;12_sim;13_não;14_sim;15_não;16_sim;17_não;18_sim;19_não
178958;Carlos Andrade;phs;RR;1_não_votou;2_sim;3_sim;4_não_votou;5_sim;6_sim;7_sim;8_sim;9_sim;10_sim;11_sim;12_não_votou;13_não;14_sim;15_não;16_sim;17_não;18_não_votou;19_não
178929;Diego Garcia;phs;PR;1_não_votou;2_sim;3_sim;4_sim;5_não;6_não;7_sim;8_não;9_não;10_sim;11_sim;12_sim;13_não;14_sim;15_não;16_sim;17_não;18_sim;19_não
178918;Kaio Maniçoba;phs;PE;1_sim;2_sim;3_sim;4_sim;5_não;6_sim;7_sim;8_sim;9_sim;10_sim;11_sim;12_sim;13_não;14_não_votou;15_não;16_sim;17_não;18_sim;19_não
146788;Marcelo Aro;phs;MG;1_não_votou;2_não_votou;3_sim;4_sim;5_sim;6_sim;7_sim;8_sim;9_sim;10_sim;11_não_votou;12_sim;13_não;14_sim;15_não;16_sim;17_não;18_sim;19_não
160582;Alberto Filho;pmdb;MA;1_sim;2_sim;3_sim;4_sim;5_sim;6_sim;7_sim;8_sim;9_não_votou;10_sim;11_sim;12_sim;13_sim;14_sim;15_sim;16_sim;17_não;18_sim;19_sim
160559;Alceu Moreira;pmdb;RS;1_sim;2_não;3_sim;4_sim;5_sim;6_sim;7_sim;8_sim;9_sim;10_não;11_sim;12_sim;13_sim;14_sim;15_não;16_sim;17_não;18_sim;19_sim
74212;Aníbal Gomes;pmdb;CE;1_sim;2_não_votou;3_sim;4_sim;5_sim;6_sim;7_sim;8_sim;9_não_votou;10_sim;11_não_votou;12_sim;13_não;14_sim;15_sim;16_não_votou;17_não_votou;18_sim;19_não_votou
178975;Baleia Rossi;pmdb;SP;1_sim;2_sim;3_sim;4_não_votou;5_sim;6_sim;7_sim;8_não;9_sim;10_sim;11_sim;12_sim;13_sim;14_sim;15_sim;16_não;17_sim;18_sim;19_sim
105112;Cabuçu Borges;pmdb;AP;1_sim;2_não_votou;3_sim;4_sim;5_não_votou;6_sim;7_sim;8_sim;9_sim;10_sim;11_sim;12_sim;13_não_votou;14_sim;15_sim;16_sim;17_sim;18_não_votou;19_sim
141401;Carlos Bezerra;pmdb;MT;1_sim;2_sim;3_sim;4_não_votou;5_não;6_não;7_sim;8_sim;9_não_votou;10_não;11_sim;12_sim;13_sim;14_sim;15_sim;16_sim;17_não;18_sim;19_sim
178993;Carlos Henrique Gaguim;pmdb;TO;1_sim;2_não;3_sim;4_sim;5_sim;6_sim;7_sim;8_sim;9_sim;10_sim;11_sim;12_sim;13_sim;14_sim;15_sim;16_sim;17_sim;18_sim;19_não
178900;Carlos Marun;pmdb;MS;1_não_votou;2_não;3_sim;4_sim;5_sim;6_sim;7_sim;8_sim;9_sim;10_sim;11_sim;12_sim;13_sim;14_sim;15_sim;16_sim;17_não;18_sim;19_sim
73568;Celso Jacob;pmdb;RJ;1_sim;2_sim;3_sim;4_sim;5_sim;6_sim;7_sim;8_sim;9_sim;10_sim;11_sim;12_sim;13_sim;14_sim;15_sim;16_não_votou;17_não_votou;18_sim;19_não_votou
141405;Celso Maldaner;pmdb;SC;1_sim;2_não_votou;3_sim;4_sim;5_não;6_sim;7_sim;8_sim;9_sim;10_não;11_sim;12_sim;13_sim;14_sim;15_sim;16_sim;17_sim;18_sim;19_sim
72912;Celso Pansera;pmdb;RJ;1_não_votou;2_não_votou;3_sim;4_não_votou;5_não;6_não;7_sim;8_sim;9_sim;10_sim;11_não_votou;12_não;13_sim;14_sim;15_sim;16_não;17_sim;18_não_votou;19_sim
144523;Daniel Vilela;pmdb;GO;1_não;2_não_votou;3_sim;4_sim;5_sim;6_sim;7_sim;8_não;9_sim;10_sim;11_sim;12_sim;13_não;14_sim;15_sim;16_sim;17_sim;18_sim;19_sim
62881;Danilo Forte;pmdb;CE;1_não_votou;2_não_votou;3_não;4_sim;5_sim;6_sim;7_sim;8_sim;9_sim;10_sim;11_sim;12_sim;13_não;14_sim;15_não;16_sim;17_não;18_sim;19_sim
73891;Darcísio Perondi;pmdb;RS;1_sim;2_não;3_sim;4_não;5_não;6_não;7_sim;8_sim;9_sim;10_não;11_sim;12_sim;13_sim;14_sim;15_sim;16_sim;17_sim;18_sim;19_não
178994;Dulce Miranda;pmdb;TO;1_sim;2_sim;3_sim;4_sim;5_não;6_sim;7_sim;8_sim;9_sim;10_sim;11_sim;12_sim;13_sim;14_sim;15_sim;16_sim;17_não;18_sim;19_sim
73447;Edinho Araújo;pmdb;SP;1_não;2_não_votou;3_não_votou;4_não_votou;5_não_votou;6_não_votou;7_não_votou;8_não_votou;9_não_votou;10_não_votou;11_não_votou;12_não_votou;13_não_votou;14_não_votou;15_não_votou;16_não_votou;17_não_votou;18_não_votou;19_não_votou
73793;Edinho Bez;pmdb;SC;1_sim;2_não;3_sim;4_sim;5_sim;6_sim;7_sim;8_abstenção;9_sim;10_sim;11_sim;12_sim;13_não;14_abstenção;15_sim;16_sim;17_sim;18_sim;19_não_votou
141417;Edio Lopes;pmdb;RR;1_sim;2_não_votou;3_sim;4_sim;5_sim;6_sim;7_sim;8_sim;9_sim;10_sim;11_sim;12_sim;13_não;14_sim;15_sim;16_sim;17_não;18_sim;19_sim
74173;Eduardo Cunha;pmdb;RJ;1_art._17;2_art._17;3_art._17;4_art._17;5_art._17;6_art._17;7_art._17;8_art._17;9_art._17;10_art._17;11_art._17;12_art._17;13_art._17;14_art._17;15_art._17;16_art._17;17_art._17;18_art._17;19_art._17
74075;Elcione Barbalho;pmdb;PA;1_sim;2_sim;3_não_votou;4_não_votou;5_não;6_não;7_não;8_não;9_sim;10_sim;11_não_votou;12_sim;13_sim;14_sim;15_sim;16_não_votou;17_não_votou;18_não_votou;19_não_votou
171623;Fabio Reis;pmdb;SE;1_sim;2_não_votou;3_sim;4_sim;5_sim;6_sim;7_sim;8_sim;9_sim;10_sim;11_sim;12_sim;13_não;14_sim;15_não;16_sim;17_sim;18_sim;19_sim
163831;Fernando Jordão;pmdb;RJ;1_sim;2_não_votou;3_sim;4_sim;5_sim;6_sim;7_sim;8_sim;9_sim;10_sim;11_sim;12_sim;13_sim;14_sim;15_sim;16_sim;17_sim;18_sim;19_sim
141434;Flaviano Melo;pmdb;AC;1_não_votou;2_não_votou;3_não_votou;4_sim;5_sim;6_sim;7_sim;8_sim;9_sim;10_sim;11_sim;12_sim;13_não_votou;14_sim;15_sim;16_não;17_não;18_não_votou;19_não
74374;Geraldo Resende;pmdb;MS;1_sim;2_não;3_sim;4_sim;5_sim;6_sim;7_sim;8_sim;9_sim;10_não;11_sim;12_sim;13_sim;14_não_votou;15_sim;16_sim;17_não;18_sim;19_sim
73772;Hermes Parcianello;pmdb;PR;1_sim;2_sim;3_não;4_sim;5_sim;6_sim;7_sim;8_sim;9_não;10_sim;11_sim;12_sim;13_sim;14_não;15_não;16_sim;17_sim;18_sim;19_sim
178884;Hildo Rocha;pmdb;MA;1_sim;2_não;3_sim;4_sim;5_sim;6_sim;7_sim;8_sim;9_sim;10_sim;11_sim;12_sim;13_sim;14_não_votou;15_sim;16_não;17_sim;18_não;19_sim
160674;Hugo Motta;pmdb;PB;1_sim;2_não_votou;3_sim;4_sim;5_sim;6_sim;7_sim;8_sim;9_sim;10_sim;11_sim;12_sim;13_não_votou;14_não_votou;15_sim;16_sim;17_não;18_não_votou;19_sim
131943;Jarbas Vasconcelos;pmdb;PE;1_não;2_sim;3_não_votou;4_sim;5_não;6_não;7_sim;8_sim;9_sim;10_não;11_sim;12_sim;13_não;14_não;15_não;16_sim;17_sim;18_sim;19_não
178839;Jéssica Sales;pmdb;AC;1_sim;2_não_votou;3_não_votou;4_sim;5_sim;6_sim;7_não_votou;8_não_votou;9_não_votou;10_não_votou;11_sim;12_não_votou;13_não_votou;14_sim;15_sim;16_sim;17_não;18_não_votou;19_sim
160573;João Arruda;pmdb;PR;1_não;2_não_votou;3_sim;4_não;5_não;6_não;7_sim;8_não;9_não;10_sim;11_sim;12_sim;13_não;14_não_votou;15_não;16_sim;17_sim;18_sim;19_não
112437;João Marcelo Souza;pmdb;MA;1_sim;2_sim;3_sim;4_abstenção;5_não;6_não;7_sim;8_sim;9_sim;10_sim;11_sim;12_sim;13_não_votou;14_sim;15_sim;16_não_votou;17_não_votou;18_não_votou;19_não_votou
131966;José Fogaça;pmdb;RS;1_sim;2_sim;3_sim;4_sim;5_não;6_não;7_não;8_não;9_sim;10_não;11_não;12_sim;13_não_votou;14_não;15_não;16_não;17_não;18_sim;19_não
74079;José Priante;pmdb;PA;1_não_votou;2_não_votou;3_sim;4_sim;5_não_votou;6_não_votou;7_não_votou;8_não_votou;9_não_votou;10_sim;11_não_votou;12_não_votou;13_sim;14_sim;15_sim;16_sim;17_não;18_não_votou;19_não
114941;Josi Nunes;pmdb;TO;1_sim;2_sim;3_sim;4_sim;5_não;6_não;7_sim;8_sim;9_sim;10_sim;11_sim;12_sim;13_sim;14_sim;15_não;16_sim;17_não;18_sim;19_sim
178894;Laudivio Carvalho;pmdb;MG;1_sim;2_sim;3_sim;4_sim;5_sim;6_sim;7_sim;8_sim;9_sim;10_sim;11_sim;12_sim;13_não;14_sim;15_não;16_sim;17_sim;18_sim;19_sim
141562;Lelo Coimbra;pmdb;ES;1_não;2_não;3_sim;4_sim;5_não;6_não;7_sim;8_não;9_sim;10_não;11_não_votou;12_sim;13_sim;14_sim;15_não;16_sim;17_sim;18_sim;19_sim
74254;Leonardo Picciani;pmdb;RJ;1_não_votou;2_não_votou;3_sim;4_sim;5_sim;6_sim;7_sim;8_sim;9_sim;10_sim;11_sim;12_sim;13_sim;14_sim;15_sim;16_não;17_sim;18_não_votou;19_sim
141482;Leonardo Quintão;pmdb;MG;1_sim;2_não_votou;3_sim;4_sim;5_sim;6_sim;7_sim;8_sim;9_sim;10_sim;11_não_votou;12_sim;13_sim;14_sim;15_sim;16_sim;17_não;18_sim;19_sim
141483;Lindomar Garçon;pmdb;RO;1_não_votou;2_não;3_sim;4_não_votou;5_abstenção;6_sim;7_sim;8_sim;9_sim;10_sim;11_sim;12_sim;13_não_votou;14_sim;15_sim;16_sim;17_sim;18_não_votou;19_sim
178954;Lucio Mosquini;pmdb;RO;1_sim;2_não_votou;3_sim;4_sim;5_sim;6_sim;7_sim;8_sim;9_não;10_sim;11_sim;12_sim;13_sim;14_sim;15_sim;16_sim;17_sim;18_sim;19_sim
94931;Lucio Vieira Lima;pmdb;BA;1_não_votou;2_sim;3_não_votou;4_sim;5_sim;6_sim;7_sim;8_sim;9_sim;10_sim;11_sim;12_sim;13_não_votou;14_sim;15_sim;16_não_votou;17_não_votou;18_não_votou;19_não_votou
141490;Manoel Junior;pmdb;PB;1_não_votou;2_não_votou;3_sim;4_sim;5_sim;6_sim;7_sim;8_sim;9_sim;10_sim;11_sim;12_sim;13_não_votou;14_sim;15_sim;16_sim;17_sim;18_sim;19_não_votou
74460;Marcelo Castro;pmdb;PI;1_não_votou;2_não_votou;3_sim;4_sim;5_sim;6_abstenção;7_não;8_não;9_sim;10_não;11_sim;12_sim;13_não_votou;14_sim;15_sim;16_sim;17_não;18_não_votou;19_sim
178850;Marcos Rotta;pmdb;AM;1_sim;2_não_votou;3_sim;4_sim;5_sim;6_sim;7_sim;8_sim;9_sim;10_sim;11_sim;12_sim;13_sim;14_não;15_não;16_sim;17_sim;18_sim;19_sim
74177;Marinha Raupp;pmdb;RO;1_não_votou;2_não_votou;3_sim;4_sim;5_não;6_não;7_sim;8_não;9_não;10_não;11_não_votou;12_sim;13_sim;14_sim;15_não_votou;16_sim;17_não;18_sim;19_sim
181315;Marquinho Mendes;pmdb;RJ;1_sim;2_não_votou;3_sim;4_sim;5_sim;6_sim;7_sim;8_sim;9_sim;10_sim;11_sim;12_sim;13_sim;14_sim;15_sim;16_sim;17_sim;18_sim;19_sim
178843;Marx Beltrão;pmdb;AL;1_sim;2_não_votou;3_sim;4_sim;5_sim;6_sim;7_sim;8_sim;9_sim;10_sim;11_sim;12_não;13_não_votou;14_não;15_sim;16_sim;17_sim;18_sim;19_sim
74749;Mauro Lopes;pmdb;MG;1_sim;2_sim;3_sim;4_sim;5_sim;6_não_votou;7_sim;8_sim;9_sim;10_sim;11_sim;12_sim;13_não;14_sim;15_sim;16_não_votou;17_não_votou;18_sim;19_não_votou
141507;Mauro Mariani;pmdb;SC;1_sim;2_sim;3_não;4_sim;5_sim;6_sim;7_sim;8_sim;9_sim;10_não;11_sim;12_sim;13_sim;14_sim;15_sim;16_sim;17_sim;18_sim;19_não
124411;Mauro Pereira;pmdb;RS;1_sim;2_não;3_sim;4_sim;5_sim;6_sim;7_sim;8_sim;9_sim;10_não;11_sim;12_sim;13_sim;14_sim;15_não;16_sim;17_não;18_sim;19_sim
178896;Newton Cardoso Jr;pmdb;MG;1_sim;2_sim;3_não;4_sim;5_não_votou;6_não_votou;7_sim;8_sim;9_sim;10_sim;11_sim;12_sim;13_sim;14_sim;15_sim;16_sim;17_não;18_não;19_sim
73463;Osmar Serraglio;pmdb;PR;1_sim;2_sim;3_sim;4_sim;5_sim;6_sim;7_sim;8_sim;9_sim;10_sim;11_sim;12_sim;13_não_votou;14_não_votou;15_não_votou;16_sim;17_não_votou;18_não_votou;19_sim
73692;Osmar Terra;pmdb;RS;1_não_votou;2_sim;3_sim;4_sim;5_não;6_não;7_não_votou;8_não_votou;9_não;10_não_votou;11_não_votou;12_não_votou;13_sim;14_sim;15_sim;16_não_votou;17_não;18_sim;19_sim
74812;Pedro Chaves;pmdb;GO;1_não_votou;2_sim;3_sim;4_sim;5_sim;6_sim;7_sim;8_sim;9_sim;10_sim;11_sim;12_sim;13_não;14_sim;15_sim;16_sim;17_não;18_sim;19_sim
178897;Rodrigo Pacheco;pmdb;MG;1_sim;2_sim;3_sim;4_sim;5_não_votou;6_não_votou;7_sim;8_não;9_sim;10_sim;11_sim;12_sim;13_não;14_sim;15_sim;16_não_votou;17_não_votou;18_sim;19_não_votou
160651;Rogério Peninha Mendonça;pmdb;SC;1_sim;2_não;3_sim;4_sim;5_sim;6_sim;7_sim;8_sim;9_sim;10_sim;11_sim;12_sim;13_não;14_sim;15_sim;16_sim;17_não;18_sim;19_sim
160515;Ronaldo Benedet;pmdb;SC;1_sim;2_sim;3_sim;4_sim;5_sim;6_sim;7_sim;8_não;9_sim;10_sim;11_sim;12_sim;13_sim;14_sim;15_sim;16_sim;17_sim;18_sim;19_sim
178870;Roney Nemer;pmdb;DF;1_não;2_sim;3_sim;4_sim;5_sim;6_sim;7_sim;8_não;9_sim;10_sim;11_sim;12_não;13_sim;14_não_votou;15_sim;16_sim;17_sim;18_sim;19_sim
74762;Saraiva Felipe;pmdb;MG;1_sim;2_sim;3_sim;4_sim;5_não;6_não;7_sim;8_não_votou;9_sim;10_não_votou;11_sim;12_sim;13_sim;14_sim;15_sim;16_sim;17_não;18_sim;19_sim
178933;Sergio Souza;pmdb;PR;1_sim;2_sim;3_sim;4_sim;5_sim;6_sim;7_sim;8_sim;9_sim;10_sim;11_sim;12_sim;13_sim;14_sim;15_sim;16_não;17_sim;18_não_votou;19_não
74765;Silas Brasileiro;pmdb;MG;1_sim;2_sim;3_sim;4_sim;5_não_votou;6_sim;7_não_votou;8_não_votou;9_sim;10_não_votou;11_sim;12_não_votou;13_não;14_não_votou;15_não_votou;16_sim;17_sim;18_sim;19_sim
178911;Simone Morgado;pmdb;PA;1_sim;2_sim;3_sim;4_sim;5_não;6_não;7_não;8_não;9_não_votou;10_não;11_sim;12_sim;13_sim;14_sim;15_sim;16_sim;17_não;18_sim;19_sim
178946;Soraya Santos;pmdb;RJ;1_não_votou;2_não_votou;3_sim;4_sim;5_sim;6_sim;7_sim;8_sim;9_sim;10_sim;11_sim;12_sim;13_sim;14_sim;15_sim;16_não_votou;17_não_votou;18_sim;19_não_votou
74010;Valdir Colatto;pmdb;SC;1_sim;2_sim;3_não;4_sim;5_sim;6_sim;7_não_votou;8_não_votou;9_sim;10_não_votou;11_sim;12_não_votou;13_sim;14_sim;15_sim;16_sim;17_não;18_sim;19_não
178913;Veneziano Vital do Rêgo;pmdb;PB;1_não;2_sim;3_sim;4_não_votou;5_sim;6_sim;7_sim;8_sim;9_sim;10_sim;11_sim;12_sim;13_sim;14_não;15_sim;16_sim;17_não;18_sim;19_sim
178869;Vitor Valim;pmdb;CE;1_sim;2_sim;3_sim;4_sim;5_sim;6_sim;7_sim;8_não;9_não;10_sim;11_não_votou;12_sim;13_sim;14_não;15_não;16_sim;17_sim;18_sim;19_sim
178952;Walter Alves;pmdb;RN;1_sim;2_sim;3_sim;4_sim;5_sim;6_sim;7_sim;8_sim;9_sim;10_sim;11_sim;12_sim;13_não_votou;14_sim;15_sim;16_sim;17_sim;18_sim;19_sim
160620;Washington Reis;pmdb;RJ;1_sim;2_não_votou;3_sim;4_não_votou;5_não;6_não;7_não_votou;8_sim;9_sim;10_sim;11_sim;12_não_votou;13_sim;14_sim;15_sim;16_não_votou;17_não_votou;18_sim;19_não_votou
178950;Antônio Jácome;pmn;RN;1_não;2_sim;3_sim;4_sim;5_sim;6_sim;7_sim;8_não;9_não_votou;10_não;11_sim;12_sim;13_não_votou;14_não;15_não;16_não;17_sim;18_sim;19_sim
178892;Dâmina Pereira;pmn;MG;1_sim;2_não_votou;3_sim;4_sim;5_sim;6_sim;7_sim;8_sim;9_sim;10_não;11_sim;12_sim;13_não_votou;14_sim;15_sim;16_sim;17_não;18_não_votou;19_sim
178959;Hiran Gonçalves;pmn;RR;1_sim;2_não_votou;3_sim;4_sim;5_sim;6_sim;7_sim;8_não;9_sim;10_sim;11_sim;12_sim;13_sim;14_sim;15_sim;16_não;17_não;18_não;19_não
136811;Afonso Hamm;pp;RS;1_sim;2_sim;3_não;4_sim;5_sim;6_sim;7_não;8_não;9_sim;10_não;11_sim;12_sim;13_não;14_não;15_não;16_sim;17_não;18_sim;19_sim
160527;Aguinaldo Ribeiro;pp;PB;1_sim;2_sim;3_sim;4_não;5_não_votou;6_não_votou;7_sim;8_sim;9_sim;10_sim;11_sim;12_sim;13_não;14_sim;15_sim;16_sim;17_não;18_sim;19_sim
160541;Arthur Lira;pp;AL;1_sim;2_não;3_sim;4_não_votou;5_sim;6_sim;7_sim;8_sim;9_sim;10_sim;11_sim;12_sim;13_não;14_sim;15_sim;16_não;17_não_votou;18_não_votou;19_não_votou
178948;Beto Rosado;pp;RN;1_sim;2_sim;3_sim;4_não_votou;5_sim;6_sim;7_sim;8_sim;9_sim;10_não;11_sim;12_sim;13_não;14_não_votou;15_não;16_sim;17_não;18_sim;19_sim
93083;Cacá Leão;pp;BA;1_sim;2_sim;3_sim;4_sim;5_sim;6_sim;7_sim;8_sim;9_sim;10_sim;11_sim;12_sim;13_não;14_sim;15_sim;16_sim;17_não;18_sim;19_sim
178848;Conceição Sampaio;pp;AM;1_não;2_sim;3_não;4_abstenção;5_não;6_não;7_sim;8_não;9_sim;10_sim;11_sim;12_sim;13_sim;14_não;15_não;16_sim;17_sim;18_sim;19_sim
178963;Covatti Filho;pp;RS;1_sim;2_não;3_não;4_sim;5_sim;6_sim;7_sim;8_sim;9_sim;10_sim;11_sim;12_sim;13_sim;14_sim;15_não;16_sim;17_não;18_sim;19_sim
73768;Dilceu Sperafico;pp;PR;1_sim;2_sim;3_sim;4_sim;5_sim;6_sim;7_sim;8_sim;9_sim;10_sim;11_sim;12_sim;13_sim;14_sim;15_sim;16_sim;17_não;18_sim;19_sim
160599;Dimas Fabiano;pp;MG;1_sim;2_sim;3_sim;4_sim;5_sim;6_sim;7_sim;8_sim;9_sim;10_sim;11_sim;12_sim;13_não;14_sim;15_não;16_sim;17_sim;18_sim;19_sim
141421;Eduardo da Fonte;pp;PE;1_não_votou;2_não_votou;3_não_votou;4_sim;5_sim;6_sim;7_não_votou;8_não_votou;9_sim;10_não_votou;11_não_votou;12_não_votou;13_sim;14_sim;15_sim;16_não_votou;17_não_votou;18_não_votou;19_não
160649;Esperidião Amin;pp;SC;1_não;2_não_votou;3_não;4_sim;5_sim;6_sim;7_não;8_não;9_sim;10_sim;11_sim;12_sim;13_não;14_não;15_não;16_sim;17_não;18_sim;19_não
178904;Ezequiel Fonseca;pp;MT;1_não;2_sim;3_sim;4_sim;5_sim;6_sim;7_sim;8_sim;9_sim;10_sim;11_sim;12_sim;13_sim;14_sim;15_sim;16_sim;17_não;18_sim;19_sim
92699;Fernando Monteiro;pp;PE;1_sim;2_sim;3_sim;4_não;5_sim;6_sim;7_sim;8_sim;9_sim;10_sim;11_sim;12_sim;13_não_votou;14_não_votou;15_sim;16_sim;17_não_votou;18_sim;19_sim
160667;Guilherme Mussi;pp;SP;1_sim;2_não_votou;3_sim;4_não_votou;5_sim;6_sim;7_sim;8_sim;9_sim;10_sim;11_sim;12_sim;13_sim;14_sim;15_sim;16_sim;17_não;18_sim;19_não_votou
67138;Iracema Portella;pp;PI;1_sim;2_sim;3_sim;4_sim;5_não_votou;6_sim;7_sim;8_sim;9_sim;10_sim;11_sim;12_sim;13_sim;14_sim;15_sim;16_sim;17_não_votou;18_sim;19_sim
74847;Jair Bolsonaro;pp;RJ;1_não;2_sim;3_não;4_sim;5_sim;6_sim;7_sim;8_sim;9_não_votou;10_sim;11_sim;12_sim;13_não;14_não;15_não;16_sim;17_não;18_sim;19_sim
160570;Jerônimo Goergen;pp;RS;1_sim;2_não;3_sim;4_sim;5_sim;6_sim;7_sim;8_sim;9_sim;10_não;11_sim;12_sim;13_sim;14_não;15_não;16_não_votou;17_não_votou;18_sim;19_não_votou
74388;Jorge Boeira;pp;SC;1_não_votou;2_não_votou;3_não_votou;4_não_votou;5_sim;6_sim;7_não;8_não;9_não;10_não;11_sim;12_sim;13_não_votou;14_não;15_não;16_não;17_sim;18_não_votou;19_não
74395;José Otávio Germano;pp;RS;1_sim;2_não_votou;3_não;4_sim;5_sim;6_sim;7_não;8_não_votou;9_sim;10_sim;11_sim;12_não_votou;13_sim;14_não;15_não;16_não_votou;17_não_votou;18_sim;19_não_votou
74253;Julio Lopes;pp;RJ;1_sim;2_não_votou;3_não_votou;4_sim;5_sim;6_sim;7_sim;8_sim;9_sim;10_sim;11_sim;12_sim;13_abstenção;14_sim;15_sim;16_sim;17_não;18_sim;19_não
141480;Lázaro Botelho;pp;TO;1_sim;2_não_votou;3_sim;4_sim;5_sim;6_sim;7_sim;8_sim;9_sim;10_sim;11_sim;12_sim;13_sim;14_sim;15_sim;16_sim;17_não_votou;18_sim;19_sim
73483;Luis Carlos Heinze;pp;RS;1_sim;2_sim;3_não;4_sim;5_sim;6_sim;7_sim;8_sim;9_sim;10_sim;11_sim;12_sim;13_sim;14_não;15_não;16_sim;17_não;18_sim;19_não
141487;Luiz Fernando Faria;pp;MG;1_sim;2_não_votou;3_sim;4_não_votou;5_sim;6_sim;7_sim;8_não_votou;9_sim;10_sim;11_sim;12_não_votou;13_sim;14_sim;15_sim;16_sim;17_não;18_sim;19_sim
178932;Marcelo Belinati;pp;PR;1_sim;2_sim;3_não;4_sim;5_sim;6_sim;7_não;8_não;9_não;10_sim;11_não;12_sim;13_não;14_não;15_não;16_não;17_sim;18_sim;19_não
74235;Marcus Vicente;pp;ES;1_sim;2_sim;3_não;4_sim;5_sim;6_sim;7_sim;8_sim;9_sim;10_sim;11_sim;12_sim;13_não;14_sim;15_não;16_não_votou;17_não;18_sim;19_não_votou
178858;Mário Negromonte Jr.;pp;BA;1_sim;2_não_votou;3_sim;4_sim;5_sim;6_sim;7_sim;8_sim;9_sim;10_sim;11_sim;12_não_votou;13_sim;14_sim;15_sim;16_sim;17_não;18_sim;19_sim
160561;Missionário José Olimpio;pp;SP;1_sim;2_sim;3_sim;4_sim;5_sim;6_sim;7_sim;8_não;9_sim;10_sim;11_sim;12_sim;13_abstenção;14_não;15_não;16_sim;17_sim;18_sim;19_sim
73781;Nelson Meurer;pp;PR;1_sim;2_sim;3_sim;4_sim;5_sim;6_sim;7_sim;8_sim;9_não;10_sim;11_sim;12_sim;13_sim;14_sim;15_sim;16_sim;17_não;18_sim;19_sim
74752;Odelmo Leão;pp;MG;1_sim;2_sim;3_não;4_sim;5_sim;6_sim;7_sim;8_não;9_sim;10_sim;11_sim;12_sim;13_não;14_não;15_não;16_sim;17_não;18_sim;19_sim
132056;Paulo Maluf;pp;SP;1_não_votou;2_não_votou;3_não_votou;4_sim;5_sim;6_sim;7_sim;8_não_votou;9_sim;10_sim;11_sim;12_não_votou;13_não_votou;14_sim;15_sim;16_sim;17_não;18_não_votou;19_não_votou
141527;Renato Molling;pp;RS;1_não_votou;2_sim;3_não;4_não_votou;5_sim;6_sim;7_sim;8_sim;9_sim;10_sim;11_sim;12_sim;13_sim;14_não_votou;15_não;16_sim;17_sim;18_sim;19_sim
160654;Renzo Braz;pp;MG;1_sim;2_não_votou;3_sim;4_não_votou;5_sim;6_sim;7_sim;8_sim;9_não_votou;10_sim;11_sim;12_sim;13_não_votou;14_sim;15_não;16_sim;17_não;18_não_votou;19_sim
73788;Ricardo Barros;pp;PR;1_sim;2_não_votou;3_não_votou;4_não_votou;5_não;6_não;7_sim;8_sim;9_sim;10_sim;11_não_votou;12_sim;13_não_votou;14_sim;15_sim;16_não;17_não_votou;18_não_votou;19_não
73674;Roberto Balestra;pp;GO;1_sim;2_sim;3_não;4_sim;5_sim;6_sim;7_sim;8_não_votou;9_sim;10_sim;11_sim;12_sim;13_sim;14_não;15_não_votou;16_sim;17_sim;18_sim;19_não
141529;Roberto Britto;pp;BA;1_sim;2_sim;3_sim;4_sim;5_sim;6_sim;7_não_votou;8_sim;9_sim;10_sim;11_sim;12_sim;13_não;14_sim;15_sim;16_sim;17_não;18_sim;19_sim
178861;Ronaldo Carletto;pp;BA;1_sim;2_sim;3_sim;4_sim;5_sim;6_sim;7_sim;8_sim;9_sim;10_sim;11_sim;12_sim;13_abstenção;14_sim;15_sim;16_sim;17_não;18_sim;19_sim
74372;Sandes Júnior;pp;GO;1_não_votou;2_sim;3_sim;4_sim;5_sim;6_sim;7_sim;8_não;9_sim;10_sim;11_sim;12_sim;13_sim;14_sim;15_não;16_sim;17_sim;18_sim;19_sim
73424;Simão Sessim;pp;RJ;1_sim;2_não_votou;3_não_votou;4_não_votou;5_sim;6_sim;7_não_votou;8_não_votou;9_sim;10_não_votou;11_sim;12_não_votou;13_não_votou;14_sim;15_sim;16_não_votou;17_não_votou;18_não_votou;19_não_votou
160611;Toninho Pinheiro;pp;MG;1_sim;2_sim;3_sim;4_sim;5_sim;6_sim;7_sim;8_sim;9_sim;10_sim;11_sim;12_sim;13_não_votou;14_sim;15_sim;16_sim;17_não;18_sim;19_sim
141558;Waldir Maranhão;pp;MA;1_não_votou;2_sim;3_sim;4_não_votou;5_não;6_sim;7_sim;8_sim;9_não_votou;10_sim;11_não_votou;12_sim;13_não_votou;14_sim;15_sim;16_não_votou;17_não_votou;18_não_votou;19_não_votou
178972;Alex Manente;pps;SP;1_sim;2_sim;3_sim;4_sim;5_sim;6_sim;7_não;8_não;9_sim;10_não;11_sim;12_sim;13_sim;14_não;15_não;16_não;17_sim;18_sim;19_não
160602;Arnaldo Jordy;pps;PA;1_sim;2_não_votou;3_não_votou;4_sim;5_não;6_não;7_não;8_não;9_não;10_não;11_não;12_sim;13_sim;14_não;15_não;16_não;17_sim;18_sim;19_não
164360;Carmen Zanotto;pps;SC;1_sim;2_sim;3_sim;4_sim;5_não;6_não;7_não;8_não;9_sim;10_não;11_sim;12_sim;13_sim;14_não;15_não;16_não;17_sim;18_sim;19_não
178883;Eliziane Gama;pps;MA;1_não_votou;2_não;3_sim;4_sim;5_não;6_não;7_não;8_não;9_não;10_não;11_não;12_sim;13_sim;14_não;15_não;16_não;17_sim;18_sim;19_não
178849;Hissa Abrahão;pps;AM;1_sim;2_sim;3_sim;4_não_votou;5_não;6_não;7_não;8_não;9_sim;10_não;11_sim;12_sim;13_sim;14_não_votou;15_não;16_não;17_sim;18_sim;19_não
178880;Marcos Abrão;pps;GO;1_sim;2_não;3_sim;4_sim;5_não;6_sim;7_não;8_não;9_sim;10_não;11_sim;12_sim;13_sim;14_não;15_não;16_não;17_sim;18_sim;19_não
178997;Moses Rodrigues;pps;CE;1_sim;2_não;3_sim;4_sim;5_sim;6_sim;7_não;8_não;9_não;10_sim;11_sim;12_sim;13_sim;14_não;15_não;16_não;17_sim;18_sim;19_não
74048;Raul Jungmann;pps;PE;1_não_votou;2_não_votou;3_sim;4_sim;5_não;6_não;7_não;8_não_votou;9_sim;10_não_votou;11_não;12_não;13_não_votou;14_não;15_não;16_não;17_não;18_não_votou;19_não
73805;Roberto Freire;pps;SP;1_não_votou;2_sim;3_sim;4_sim;5_não;6_não;7_não;8_não;9_sim;10_não;11_sim;12_sim;13_sim;14_não_votou;15_não;16_não;17_não;18_abstenção;19_não
73466;Rubens Bueno;pps;PR;1_sim;2_não;3_sim;4_sim;5_não;6_não;7_não;8_não;9_sim;10_não;11_sim;12_sim;13_sim;14_não;15_não;16_não;17_sim;18_sim;19_não
160621;Sandro Alex;pps;PR;1_sim;2_sim;3_sim;4_sim;5_sim;6_sim;7_não;8_não;9_sim;10_não;11_sim;12_sim;13_sim;14_não;15_não;16_não;17_sim;18_sim;19_não
141372;Aelton Freitas;pr;MG;1_sim;2_sim;3_sim;4_sim;5_sim;6_sim;7_sim;8_sim;9_sim;10_não;11_sim;12_sim;13_sim;14_sim;15_sim;16_sim;17_não;18_sim;19_sim
178846;Alfredo Nascimento;pr;AM;1_sim;2_sim;3_sim;4_sim;5_não_votou;6_não_votou;7_sim;8_sim;9_sim;10_não;11_sim;12_sim;13_não_votou;14_sim;15_sim;16_não_votou;17_não_votou;18_não_votou;19_não_votou
178937;Altineu Côrtes;pr;RJ;1_sim;2_sim;3_não_votou;4_sim;5_sim;6_sim;7_não_votou;8_sim;9_sim;10_não;11_sim;12_sim;13_não_votou;14_sim;15_não_votou;16_sim;17_não;18_sim;19_sim
160551;Anderson Ferreira;pr;PE;1_sim;2_sim;3_não;4_sim;5_sim;6_sim;7_sim;8_sim;9_sim;10_não;11_sim;12_sim;13_sim;14_sim;15_sim;16_sim;17_não_votou;18_sim;19_não
141513;Bilac Pinto;pr;MG;1_sim;2_sim;3_sim;4_sim;5_sim;6_sim;7_sim;8_sim;9_sim;10_não;11_sim;12_sim;13_sim;14_sim;15_sim;16_sim;17_não;18_sim;19_sim
178865;Cabo Sabino;pr;CE;1_não;2_sim;3_não_votou;4_sim;5_sim;6_sim;7_sim;8_não;9_não;10_não;11_não_votou;12_sim;13_não;14_sim;15_sim;16_não;17_sim;18_sim;19_sim
178829;Capitão Augusto;pr;SP;1_sim;2_sim;3_sim;4_sim;5_sim;6_sim;7_sim;8_sim;9_sim;10_não;11_sim;12_sim;13_sim;14_sim;15_sim;16_sim;17_não;18_sim;19_não
178939;Clarissa Garotinho;pr;RJ;1_sim;2_sim;3_não_votou;4_sim;5_não;6_não;7_não;8_não;9_não;10_não;11_não;12_sim;13_sim;14_sim;15_não;16_sim;17_não;18_sim;19_não
178940;Dr. João;pr;RJ;1_sim;2_sim;3_não;4_sim;5_sim;6_sim;7_sim;8_sim;9_sim;10_não;11_sim;12_sim;13_abstenção;14_sim;15_sim;16_sim;17_não;18_sim;19_não
160677;Francisco Floriano;pr;RJ;1_não;2_sim;3_sim;4_sim;5_sim;6_não_votou;7_sim;8_sim;9_sim;10_não;11_sim;12_sim;13_abstenção;14_sim;15_sim;16_sim;17_não;18_sim;19_sim
74383;Giacobo;pr;PR;1_não_votou;2_não_votou;3_não_votou;4_não_votou;5_sim;6_sim;7_sim;8_sim;9_sim;10_não;11_não_votou;12_não_votou;13_não_votou;14_sim;15_sim;16_sim;17_não;18_sim;19_sim
129618;Gorete Pereira;pr;CE;1_sim;2_sim;3_sim;4_sim;5_sim;6_sim;7_não_votou;8_não_votou;9_sim;10_não_votou;11_sim;12_não_votou;13_sim;14_sim;15_sim;16_sim;17_não_votou;18_sim;19_sim
141458;João Carlos Bacelar;pr;BA;1_sim;2_não_votou;3_não_votou;4_não_votou;5_sim;6_não_votou;7_sim;8_sim;9_não;10_não;11_sim;12_sim;13_não;14_sim;15_sim;16_sim;17_não;18_sim;19_não_votou
160509;Jorginho Mello;pr;SC;1_sim;2_não_votou;3_sim;4_não_votou;5_sim;6_sim;7_não_votou;8_sim;9_sim;10_não;11_sim;12_não_votou;13_sim;14_sim;15_sim;16_não_votou;17_não_votou;18_sim;19_não_votou
74554;José Rocha;pr;BA;1_sim;2_não_votou;3_sim;4_sim;5_sim;6_sim;7_sim;8_sim;9_sim;10_não;11_sim;12_sim;13_sim;14_sim;15_sim;16_não_votou;17_não_votou;18_sim;19_não_votou
141478;Laerte Bessa;pr;DF;1_não;2_sim;3_sim;4_não_votou;5_sim;6_sim;7_sim;8_sim;9_não_votou;10_não;11_sim;12_sim;13_não;14_sim;15_sim;16_sim;17_não_votou;18_sim;19_sim
74585;Lincoln Portela;pr;MG;1_abstenção;2_sim;3_sim;4_sim;5_sim;6_sim;7_sim;8_não;9_não;10_não;11_não;12_sim;13_sim;14_sim;15_não_votou;16_não_votou;17_não_votou;18_sim;19_não_votou
141484;Lúcio Vale;pr;PA;1_não;2_sim;3_sim;4_sim;5_sim;6_sim;7_sim;8_sim;9_não_votou;10_não;11_sim;12_sim;13_não;14_sim;15_sim;16_sim;17_não;18_sim;19_não
178955;Luiz Cláudio;pr;RO;1_sim;2_sim;3_abstenção;4_sim;5_sim;6_sim;7_sim;8_sim;9_sim;10_não;11_sim;12_sim;13_sim;14_sim;15_sim;16_sim;17_não;18_sim;19_abstenção
162332;Luiz Nishimori;pr;PR;1_sim;2_sim;3_sim;4_sim;5_sim;6_sim;7_sim;8_sim;9_sim;10_não;11_sim;12_sim;13_sim;14_sim;15_sim;16_sim;17_não;18_sim;19_sim
166402;Magda Mofatto;pr;GO;1_não_votou;2_não_votou;3_sim;4_sim;5_sim;6_sim;7_sim;8_sim;9_sim;10_não;11_sim;12_sim;13_não;14_sim;15_sim;16_sim;17_não;18_sim;19_sim
178983;Marcio Alvino;pr;SP;1_sim;2_não_votou;3_sim;4_sim;5_sim;6_sim;7_sim;8_sim;9_sim;10_não;11_sim;12_sim;13_abstenção;14_sim;15_sim;16_sim;17_não;18_sim;19_sim
178943;Marcos Soares;pr;RJ;1_sim;2_não_votou;3_não_votou;4_sim;5_sim;6_sim;7_não_votou;8_não_votou;9_não_votou;10_não_votou;11_abstenção;12_sim;13_não;14_sim;15_não;16_sim;17_sim;18_sim;19_sim
74050;Maurício Quintella Lessa;pr;AL;1_não_votou;2_não_votou;3_sim;4_sim;5_sim;6_sim;7_sim;8_sim;9_sim;10_não;11_não_votou;12_sim;13_abstenção;14_sim;15_sim;16_sim;17_não;18_sim;19_sim
178985;Miguel Lombardi;pr;SP;1_sim;2_sim;3_sim;4_sim;5_sim;6_sim;7_sim;8_sim;9_sim;10_não;11_sim;12_sim;13_abstenção;14_sim;15_sim;16_sim;17_não;18_sim;19_sim
74787;Milton Monti;pr;SP;1_sim;2_sim;3_sim;4_sim;5_sim;6_sim;7_sim;8_sim;9_sim;10_não;11_não_votou;12_sim;13_abstenção;14_sim;15_sim;16_sim;17_não;18_sim;19_sim
74017;Paulo Feijó;pr;RJ;1_sim;2_sim;3_não;4_sim;5_sim;6_sim;7_não_votou;8_não_votou;9_sim;10_não_votou;11_sim;12_não_votou;13_sim;14_sim;15_não;16_sim;17_não;18_sim;19_não
160558;Paulo Freire;pr;SP;1_sim;2_sim;3_não_votou;4_não_votou;5_sim;6_sim;7_sim;8_não;9_não_votou;10_não;11_sim;12_sim;13_abstenção;14_não;15_não;16_sim;17_não;18_sim;19_não
178960;Remídio Monai;pr;RR;1_não_votou;2_não_votou;3_sim;4_sim;5_sim;6_sim;7_sim;8_sim;9_sim;10_não;11_sim;12_sim;13_não;14_não_votou;15_sim;16_sim;17_não;18_sim;19_sim
187008;Silas Freire;pr;PI;1_não;2_sim;3_sim;4_sim;5_sim;6_sim;7_não;8_sim;9_não;10_não;11_não;12_sim;13_sim;14_sim;15_sim;16_sim;17_não;18_sim;19_não
160976;Tiririca;pr;SP;1_sim;2_sim;3_sim;4_sim;5_sim;6_sim;7_sim;8_sim;9_não;10_não;11_sim;12_sim;13_sim;14_sim;15_não;16_sim;17_não;18_sim;19_sim
160591;Vinicius Gurgel;pr;AP;1_não_votou;2_sim;3_não_votou;4_sim;5_sim;6_sim;7_sim;8_sim;9_sim;10_não;11_não_votou;12_sim;13_não;14_não_votou;15_sim;16_sim;17_não;18_não_votou;19_não
74043;Wellington Roberto;pr;PB;1_sim;2_não_votou;3_sim;4_sim;5_sim;6_não_votou;7_sim;8_sim;9_sim;10_não;11_não_votou;12_sim;13_sim;14_sim;15_sim;16_sim;17_não;18_sim;19_sim
178949;Zenaide Maia;pr;RN;1_não;2_sim;3_sim;4_sim;5_não;6_não;7_sim;8_sim;9_abstenção;10_não;11_não;12_sim;13_sim;14_sim;15_sim;16_sim;17_não;18_sim;19_sim
178836;Alan Rick;prb;AC;1_não;2_sim;3_sim;4_sim;5_sim;6_sim;7_sim;8_não;9_sim;10_não;11_sim;12_sim;13_sim;14_sim;15_não;16_sim;17_não;18_sim;19_sim
178831;André Abdon;prb;AP;1_sim;2_sim;3_sim;4_sim;5_sim;6_sim;7_sim;8_não;9_sim;10_não;11_sim;12_sim;13_não;14_sim;15_sim;16_não;17_não;18_sim;19_não
141383;Antonio Bulhões;prb;SP;1_sim;2_sim;3_sim;4_sim;5_sim;6_sim;7_sim;8_não;9_não;10_não;11_sim;12_sim;13_não;14_sim;15_sim;16_não;17_não;18_sim;19_não
73437;Beto Mansur;prb;SP;1_sim;2_sim;3_sim;4_sim;5_sim;6_sim;7_sim;8_sim;9_sim;10_não;11_sim;12_sim;13_não;14_não_votou;15_sim;16_não_votou;17_não_votou;18_não_votou;19_não_votou
178962;Carlos Gomes;prb;RS;1_sim;2_não;3_sim;4_sim;5_sim;6_sim;7_sim;8_não;9_sim;10_não;11_sim;12_sim;13_não;14_sim;15_sim;16_sim;17_não;18_sim;19_sim
73441;Celso Russomanno;prb;SP;1_sim;2_não_votou;3_sim;4_não_votou;5_sim;6_sim;7_sim;8_não;9_não_votou;10_não;11_sim;12_sim;13_sim;14_sim;15_sim;16_não;17_não;18_sim;19_não
160576;César Halum;prb;TO;1_sim;2_sim;3_sim;4_sim;5_sim;6_sim;7_sim;8_sim;9_sim;10_não;11_sim;12_sim;13_não;14_sim;15_sim;16_sim;17_sim;18_sim;19_não_votou
141408;Cleber Verde;prb;MA;1_sim;2_não_votou;3_sim;4_não_votou;5_sim;6_sim;7_sim;8_não;9_sim;10_não;11_sim;12_sim;13_sim;14_sim;15_sim;16_não_votou;17_não_votou;18_sim;19_não_votou
66828;Fausto Pinato;prb;SP;1_sim;2_não_votou;3_não;4_sim;5_sim;6_sim;7_sim;8_não;9_sim;10_não;11_sim;12_sim;13_não;14_sim;15_não;16_não;17_não;18_sim;19_não
160531;Jhonatan de Jesus;prb;RR;1_não;2_sim;3_sim;4_sim;5_sim;6_sim;7_sim;8_não;9_sim;10_não;11_sim;12_sim;13_não_votou;14_não_votou;15_não;16_não;17_não;18_não_votou;19_sim
178971;Jony Marcos;prb;SE;1_sim;2_não_votou;3_não_votou;4_não;5_sim;6_sim;7_sim;8_não;9_não;10_não;11_não;12_sim;13_sim;14_sim;15_sim;16_não;17_sim;18_sim;19_não
118594;Marcelo Squassoni;prb;SP;1_sim;2_sim;3_sim;4_sim;5_sim;6_sim;7_sim;8_não;9_sim;10_não;11_sim;12_sim;13_abstenção;14_sim;15_não;16_sim;17_sim;18_sim;19_não
150418;Márcio Marinho;prb;BA;1_sim;2_sim;3_sim;4_sim;5_sim;6_sim;7_sim;8_não;9_não;10_não;11_sim;12_sim;13_não_votou;14_sim;15_não;16_não;17_não;18_sim;19_não
152610;Roberto Alves;prb;SP;1_não;2_sim;3_sim;4_sim;5_sim;6_sim;7_sim;8_não;9_não_votou;10_não;11_sim;12_sim;13_sim;14_sim;15_sim;16_não;17_não;18_sim;19_não
178944;Roberto Sales;prb;RJ;1_não;2_sim;3_sim;4_sim;5_sim;6_sim;7_sim;8_não;9_sim;10_não;11_não_votou;12_sim;13_sim;14_sim;15_não_votou;16_sim;17_não;18_sim;19_não
122466;Ronaldo Martins;prb;CE;1_não;2_sim;3_sim;4_sim;5_sim;6_sim;7_sim;8_não;9_não;10_não;11_sim;12_sim;13_não;14_sim;15_não;16_não;17_não;18_sim;19_não
178945;Rosangela Gomes;prb;RJ;1_sim;2_sim;3_sim;4_sim;5_sim;6_sim;7_sim;8_não;9_sim;10_não;11_sim;12_sim;13_sim;14_sim;15_não;16_não;17_não;18_sim;19_não
178991;Sérgio Reis;prb;SP;1_não_votou;2_sim;3_sim;4_sim;5_não_votou;6_não_votou;7_sim;8_não;9_não_votou;10_não;11_sim;12_sim;13_não_votou;14_sim;15_sim;16_não_votou;17_não_votou;18_não_votou;19_não_votou
178862;Tia Eron;prb;BA;1_sim;2_sim;3_sim;4_não_votou;5_sim;6_sim;7_sim;8_não;9_sim;10_não;11_sim;12_sim;13_sim;14_sim;15_não;16_não;17_não;18_sim;19_não
141555;Vinicius Carvalho;prb;SP;1_não;2_sim;3_sim;4_sim;5_sim;6_sim;7_sim;8_não;9_sim;10_não;11_sim;12_sim;13_não;14_sim;15_sim;16_não;17_não;18_sim;19_não
133374;Ademir Camilo;pros;MG;1_sim;2_sim;3_sim;4_sim;5_sim;6_sim;7_não;8_não;9_não;10_sim;11_sim;12_sim;13_não;14_não_votou;15_não;16_sim;17_não;18_sim;19_sim
74213;Antonio Balhmann;pros;CE;1_não_votou;2_não_votou;3_não_votou;4_não_votou;5_sim;6_sim;7_não;8_sim;9_sim;10_não;11_não_votou;12_sim;13_não;14_sim;15_sim;16_não_votou;17_não_votou;18_sim;19_não_votou
74103;Ariosto Holanda;pros;CE;1_sim;2_não_votou;3_não_votou;4_não_votou;5_não_votou;6_não_votou;7_não_votou;8_não_votou;9_não_votou;10_não_votou;11_não_votou;12_não_votou;13_não_votou;14_não_votou;15_não_votou;16_não_votou;17_não_votou;18_não_votou;19_não_votou
178906;Beto Salame;pros;PA;1_não_votou;2_sim;3_sim;4_sim;5_não;6_não;7_não;8_não;9_não;10_não;11_sim;12_sim;13_sim;14_sim;15_sim;16_sim;17_não;18_sim;19_sim
143632;Domingos Neto;pros;CE;1_sim;2_não_votou;3_sim;4_sim;5_não;6_não_votou;7_sim;8_não;9_sim;10_sim;11_sim;12_sim;13_abstenção;14_sim;15_sim;16_não_votou;17_não_votou;18_sim;19_não_votou
160643;Dr. Jorge Silva;pros;ES;1_não;2_sim;3_sim;4_sim;5_não;6_sim;7_não;8_não;9_sim;10_não;11_sim;12_sim;13_não;14_sim;15_sim;16_sim;17_não;18_sim;19_sim
74558;Givaldo Carimbão;pros;AL;1_não_votou;2_não_votou;3_sim;4_não_votou;5_não;6_não;7_sim;8_sim;9_sim;10_não;11_sim;12_sim;13_não;14_sim;15_sim;16_sim;17_não_votou;18_sim;19_não
141450;Hugo Leal;pros;RJ;1_sim;2_não_votou;3_sim;4_sim;5_não;6_não;7_sim;8_sim;9_sim;10_sim;11_não_votou;12_sim;13_sim;14_sim;15_sim;16_não_votou;17_não_votou;18_não_votou;19_não_votou
74299;Leônidas Cristino;pros;CE;1_sim;2_sim;3_sim;4_sim;5_não;6_não;7_sim;8_não;9_sim;10_não;11_sim;12_sim;13_não;14_sim;15_sim;16_sim;17_não;18_sim;19_sim
74862;Miro Teixeira;pros;RJ;1_não_votou;2_não;3_não;4_sim;5_não;6_não;7_não;8_não;9_não;10_sim;11_não;12_sim;13_sim;14_não;15_não;16_não;17_sim;18_sim;19_não
178951;Rafael Motta;pros;RN;1_sim;2_não;3_sim;4_sim;5_não;6_sim;7_sim;8_não;9_não_votou;10_não;11_sim;12_sim;13_sim;14_sim;15_não_votou;16_sim;17_não_votou;18_sim;19_sim
160637;Ronaldo Fonseca;pros;DF;1_sim;2_sim;3_não_votou;4_sim;5_sim;6_sim;7_não;8_não;9_sim;10_não;11_sim;12_sim;13_não;14_não;15_não;16_não;17_sim;18_sim;19_não
141552;Valtenir Pereira;pros;MT;1_sim;2_sim;3_sim;4_não;5_sim;6_sim;7_não;8_não;9_sim;10_não;11_não_votou;12_sim;13_sim;14_sim;15_sim;16_não;17_não;18_sim;19_não
74308;Vicente Arruda;pros;CE;1_sim;2_sim;3_sim;4_não;5_não_votou;6_não_votou;7_não_votou;8_não_votou;9_não_votou;10_não_votou;11_não_votou;12_não_votou;13_não_votou;14_não_votou;15_não_votou;16_não_votou;17_não_votou;18_não_votou;19_não_votou
178936;Alexandre Valle;prp;RJ;1_sim;2_sim;3_sim;4_sim;5_não_votou;6_não_votou;7_sim;8_sim;9_sim;10_não;11_sim;12_sim;13_sim;14_sim;15_não;16_sim;17_sim;18_sim;19_não
178886;Juscelino Filho;prp;MA;1_sim;2_sim;3_sim;4_sim;5_sim;6_sim;7_sim;8_sim;9_sim;10_sim;11_sim;12_sim;13_não;14_sim;15_sim;16_sim;17_não;18_não;19_sim
179000;Marcelo Álvaro Antônio;prp;MG;1_sim;2_sim;3_sim;4_sim;5_sim;6_sim;7_sim;8_não;9_sim;10_sim;11_sim;12_sim;13_sim;14_sim;15_não;16_não;17_não;18_sim;19_não
178841;Cícero Almeida;prtb;AL;1_não_votou;2_sim;3_sim;4_sim;5_sim;6_sim;7_sim;8_não;9_não_votou;10_sim;11_sim;12_sim;13_sim;14_não;15_não;16_sim;17_não;18_sim;19_sim
178903;Adilton Sachetti;psb;MT;1_sim;2_não;3_sim;4_sim;5_sim;6_sim;7_sim;8_sim;9_sim;10_não;11_sim;12_sim;13_não;14_sim;15_não;16_sim;17_sim;18_sim;19_sim
74459;Átila Lira;psb;PI;1_sim;2_sim;3_sim;4_sim;5_não;6_não;7_sim;8_sim;9_não;10_não;11_não;12_sim;13_sim;14_sim;15_sim;16_sim;17_não;18_sim;19_sim
178834;Bebeto;psb;BA;1_não_votou;2_não_votou;3_não;4_não;5_não;6_não;7_não;8_não;9_não;10_não;11_não;12_sim;13_sim;14_não;15_não;16_sim;17_não;18_não_votou;19_sim
178838;César Messias;psb;AC;1_sim;2_não_votou;3_não_votou;4_sim;5_não;6_não;7_não_votou;8_não;9_não_votou;10_não;11_não_votou;12_não_votou;13_não;14_não;15_não;16_sim;17_não;18_sim;19_sim
178905;Fabio Garcia;psb;MT;1_sim;2_não_votou;3_sim;4_sim;5_sim;6_sim;7_sim;8_sim;9_sim;10_não;11_sim;12_sim;13_não;14_sim;15_não;16_sim;17_sim;18_sim;19_sim
190149;Fabricio Oliveira;psb;SC;1_não;2_sim;3_sim;4_sim;5_não_votou;6_não_votou;7_não_votou;8_não_votou;9_não_votou;10_não_votou;11_não_votou;12_não_votou;13_não_votou;14_não_votou;15_não_votou;16_não_votou;17_não_votou;18_não_votou;19_não_votou
141431;Fernando Coelho Filho;psb;PE;1_sim;2_sim;3_sim;4_sim;5_não;6_não;7_sim;8_sim;9_sim;10_não;11_não;12_sim;13_não;14_sim;15_não;16_sim;17_não;18_sim;19_sim
178978;Flavinho;psb;SP;1_não;2_sim;3_sim;4_sim;5_não;6_não;7_não;8_não;9_sim;10_não;11_não;12_sim;13_sim;14_não;15_não;16_sim;17_não;18_sim;19_não
152605;Glauber Braga;psb;RJ;1_não_votou;2_não;3_não;4_não;5_não;6_não;7_não;8_não;9_não;10_não;11_não;12_sim;13_sim;14_não;15_não;16_não;17_não;18_sim;19_não
74419;Gonzaga Patriota;psb;PE;1_não;2_não_votou;3_sim;4_não_votou;5_sim;6_sim;7_não;8_não;9_sim;10_não;11_sim;12_sim;13_sim;14_não;15_não;16_sim;17_não;18_sim;19_não
178964;Heitor Schuch;psb;RS;1_não;2_não_votou;3_sim;4_sim;5_não;6_não;7_não;8_não;9_não;10_não;11_não;12_sim;13_sim;14_não;15_não;16_sim;17_não;18_sim;19_sim
97707;Heráclito Fortes;psb;PI;1_sim;2_sim;3_sim;4_sim;5_abstenção;6_sim;7_sim;8_sim;9_sim;10_sim;11_não;12_sim;13_não_votou;14_não_votou;15_não;16_sim;17_não;18_não_votou;19_não_votou
73926;Janete Capiberibe;psb;AP;1_não;2_não_votou;3_não_votou;4_não_votou;5_não;6_não;7_não;8_não;9_não;10_não;11_não_votou;12_sim;13_sim;14_não_votou;15_não_votou;16_sim;17_não;18_sim;19_sim
178842;JHC;psb;AL;1_não;2_não_votou;3_não_votou;4_não_votou;5_não_votou;6_não_votou;7_não_votou;8_não_votou;9_não_votou;10_não_votou;11_não_votou;12_não_votou;13_não_votou;14_não_votou;15_não_votou;16_não_votou;17_não_votou;18_não_votou;19_não_votou
178917;João Fernando Coutinho;psb;PE;1_não;2_sim;3_não;4_abstenção;5_não;6_não;7_sim;8_não;9_sim;10_não;11_não;12_sim;13_sim;14_sim;15_não;16_sim;17_não;18_sim;19_sim
73714;José Reinaldo;psb;MA;1_sim;2_não;3_sim;4_não_votou;5_sim;6_sim;7_sim;8_sim;9_sim;10_sim;11_não_votou;12_sim;13_não;14_sim;15_sim;16_sim;17_não;18_sim;19_sim
160607;Jose Stédile;psb;RS;1_não;2_não_votou;3_não;4_sim;5_não;6_não;7_não;8_não;9_não;10_não;11_não;12_sim;13_sim;14_não;15_não;16_sim;17_não;18_sim;19_sim
73586;Júlio Delgado;psb;MG;1_não;2_sim;3_sim;4_sim;5_não;6_abstenção;7_não;8_sim;9_sim;10_não;11_não;12_sim;13_sim;14_não;15_não_votou;16_sim;17_não;18_sim;19_sim
160659;Keiko Ota;psb;SP;1_não_votou;2_não_votou;3_não;4_sim;5_sim;6_sim;7_sim;8_sim;9_sim;10_não;11_não;12_sim;13_sim;14_sim;15_sim;16_sim;17_não;18_sim;19_sim
160663;Leopoldo Meyer;psb;PR;1_sim;2_não_votou;3_sim;4_sim;5_não;6_não;7_não;8_não;9_sim;10_não;11_não;12_sim;13_sim;14_não;15_não;16_sim;17_não;18_sim;19_não_votou
178931;Luciano Ducci;psb;PR;1_não;2_não_votou;3_sim;4_sim;5_sim;6_sim;7_sim;8_sim;9_sim;10_não;11_sim;12_sim;13_sim;14_não;15_não;16_sim;17_não;18_sim;19_sim
74784;Luiza Erundina;psb;SP;1_não;2_não_votou;3_não;4_não;5_não;6_não;7_não_votou;8_não_votou;9_não;10_não_votou;11_não_votou;12_não_votou;13_não_votou;14_não_votou;15_não_votou;16_não_votou;17_não_votou;18_não_votou;19_não_votou
178982;Luiz Lauro Filho;psb;SP;1_não;2_sim;3_sim;4_sim;5_sim;6_sim;7_sim;8_sim;9_sim;10_não;11_não;12_sim;13_não;14_não_votou;15_sim;16_sim;17_não;18_sim;19_não
64960;Maria Helena;psb;RR;1_não;2_não_votou;3_não_votou;4_sim;5_não;6_não;7_sim;8_sim;9_não;10_não;11_não;12_sim;13_sim;14_não;15_não;16_sim;17_não;18_sim;19_sim
178919;Marinaldo Rosendo;psb;PE;1_não;2_não_votou;3_sim;4_sim;5_sim;6_sim;7_não;8_não;9_sim;10_sim;11_não_votou;12_sim;13_sim;14_sim;15_não;16_sim;17_não;18_sim;19_sim
160642;Pastor Eurico;psb;PE;1_não_votou;2_sim;3_sim;4_sim;5_sim;6_sim;7_não;8_sim;9_sim;10_sim;11_sim;12_não;13_sim;14_não;15_não;16_sim;17_não;18_sim;19_sim
160517;Paulo Foletto;psb;ES;1_sim;2_sim;3_não;4_sim;5_não;6_sim;7_não;8_não;9_sim;10_não;11_sim;12_sim;13_sim;14_não;15_não;16_sim;17_não;18_sim;19_sim
178926;Rodrigo Martins;psb;PI;1_não;2_não;3_sim;4_sim;5_não_votou;6_não_votou;7_não;8_sim;9_sim;10_não;11_não;12_sim;13_sim;14_não;15_não;16_sim;17_não;18_sim;19_sim
92776;Stefano Aguiar;psb;MG;1_sim;2_não_votou;3_não;4_sim;5_sim;6_sim;7_sim;8_sim;9_sim;10_sim;11_não;12_sim;13_abstenção;14_não;15_não;16_sim;17_não;18_sim;19_sim
178922;Tadeu Alencar;psb;PE;1_não;2_não_votou;3_não;4_não;5_não;6_não;7_não;8_não;9_não;10_não;11_não;12_sim;13_sim;14_sim;15_não;16_sim;17_não;18_sim;19_sim
178898;Tenente Lúcio;psb;MG;1_não;2_sim;3_não;4_sim;5_não;6_não;7_sim;8_sim;9_sim;10_não;11_não;12_sim;13_sim;14_não;15_sim;16_sim;17_sim;18_sim;19_sim
178901;Tereza Cristina;psb;MS;1_sim;2_não;3_não;4_sim;5_não;6_sim;7_sim;8_não_votou;9_sim;10_não_votou;11_sim;12_sim;13_sim;14_sim;15_sim;16_sim;17_não;18_sim;19_sim
141384;Valadares Filho;psb;SE;1_não;2_sim;3_sim;4_sim;5_não;6_sim;7_sim;8_não;9_não_votou;10_não;11_não;12_sim;13_sim;14_não;15_não;16_não_votou;17_não_votou;18_sim;19_não_votou
137070;Vicentinho Júnior;psb;TO;1_não;2_não_votou;3_não_votou;4_sim;5_sim;6_sim;7_sim;8_sim;9_sim;10_não;11_sim;12_sim;13_não;14_sim;15_sim;16_sim;17_não;18_sim;19_sim
160543;Andre Moura;psc;SE;1_não_votou;2_não_votou;3_não;4_sim;5_sim;6_sim;7_sim;8_sim;9_sim;10_sim;11_não_votou;12_sim;13_sim;14_não_votou;15_não;16_sim;17_não_votou;18_sim;19_sim
160578;Edmar Arruda;psc;PR;1_não_votou;2_sim;3_não;4_sim;5_sim;6_sim;7_sim;8_não;9_não_votou;10_sim;11_não_votou;12_sim;13_não_votou;14_não;15_sim;16_sim;17_sim;18_não_votou;19_sim
92346;Eduardo Bolsonaro;psc;SP;1_não;2_sim;3_não;4_sim;5_sim;6_sim;7_sim;8_sim;9_não_votou;10_sim;11_sim;12_sim;13_não;14_não;15_não;16_sim;17_abstenção;18_sim;19_sim
99654;Erivelton Santana;psc;BA;1_não;2_sim;3_não;4_sim;5_sim;6_sim;7_sim;8_sim;9_sim;10_sim;11_sim;12_sim;13_não;14_não;15_não;16_sim;17_não;18_sim;19_sim
74270;Gilberto Nascimento;psc;SP;1_sim;2_não_votou;3_não;4_sim;5_sim;6_sim;7_sim;8_sim;9_sim;10_sim;11_sim;12_sim;13_sim;14_não;15_não;16_não_votou;17_não_votou;18_sim;19_não_votou
178855;Irmão Lazaro;psc;BA;1_não_votou;2_não_votou;3_sim;4_sim;5_não_votou;6_sim;7_não;8_sim;9_sim;10_não;11_sim;12_sim;13_sim;14_não;15_não;16_não;17_sim;18_sim;19_sim
67312;Júlia Marinho;psc;PA;1_sim;2_sim;3_não;4_sim;5_sim;6_sim;7_sim;8_não_votou;9_sim;10_não_votou;11_sim;12_sim;13_sim;14_não;15_não;16_sim;17_sim;18_sim;19_sim
178852;Marcos Reategui;psc;AP;1_não;2_não_votou;3_sim;4_não_votou;5_não;6_sim;7_sim;8_não;9_não;10_não;11_não;12_sim;13_abstenção;14_não;15_não_votou;16_sim;17_sim;18_sim;19_sim
160601;Pr. Marco Feliciano;psc;SP;1_sim;2_não_votou;3_não;4_sim;5_sim;6_sim;7_sim;8_não;9_não;10_sim;11_sim;12_sim;13_sim;14_não_votou;15_não_votou;16_não;17_sim;18_sim;19_sim
148134;Professor Victório Galli;psc;MT;1_sim;2_sim;3_não;4_sim;5_sim;6_sim;7_sim;8_não;9_sim;10_sim;11_sim;12_sim;13_sim;14_não;15_não;16_sim;17_sim;18_sim;19_sim
178998;Raquel Muniz;psc;MG;1_sim;2_sim;3_não;4_sim;5_sim;6_sim;7_sim;8_não;9_sim;10_sim;11_sim;12_sim;13_sim;14_não;15_não;16_sim;17_não;18_sim;19_sim
4930;Silvio Costa;psc;PE;1_sim;2_sim;3_sim;4_não;5_não;6_não;7_sim;8_sim;9_sim;10_não;11_sim;12_sim;13_não;14_sim;15_sim;16_não;17_não;18_sim;19_não
74385;Takayama;psc;PR;1_não_votou;2_sim;3_sim;4_sim;5_não_votou;6_sim;7_não_votou;8_não_votou;9_não_votou;10_não_votou;11_não_votou;12_não_votou;13_não_votou;14_não_votou;15_não_votou;16_não_votou;17_não_votou;18_não_votou;19_não_votou
178833;Alexandre Serfiotis;psd;RJ;1_não;2_sim;3_não;4_sim;5_sim;6_sim;7_sim;8_sim;9_sim;10_não;11_não;12_sim;13_não_votou;14_sim;15_não;16_não;17_não;18_sim;19_não
74090;Átila Lins;psd;AM;1_não_votou;2_sim;3_sim;4_sim;5_sim;6_sim;7_sim;8_não_votou;9_sim;10_não_votou;11_sim;12_sim;13_não;14_sim;15_sim;16_não_votou;17_não_votou;18_sim;19_sim
73720;Cesar Souza;psd;SC;1_sim;2_sim;3_não;4_sim;5_sim;6_sim;7_sim;8_sim;9_sim;10_sim;11_sim;12_sim;13_sim;14_não_votou;15_sim;16_sim;17_sim;18_não_votou;19_não
178841;Cícero Almeida;psd;AL;1_sim;2_não_votou;3_não_votou;4_não_votou;5_não_votou;6_não_votou;7_não_votou;8_não_votou;9_não_votou;10_não_votou;11_não_votou;12_não_votou;13_não_votou;14_não_votou;15_não_votou;16_não_votou;17_não_votou;18_não_votou;19_não_votou
160552;Danrlei de Deus Hinterholz;psd;RS;1_sim;2_sim;3_sim;4_sim;5_sim;6_sim;7_sim;8_sim;9_não;10_não;11_sim;12_sim;13_sim;14_sim;15_sim;16_sim;17_não;18_sim;19_sim
178908;Delegado Éder Mauro;psd;PA;1_não;2_sim;3_sim;4_sim;5_sim;6_sim;7_sim;8_sim;9_abstenção;10_não;11_sim;12_sim;13_sim;14_não;15_sim;16_sim;17_não;18_sim;19_não
160588;Diego Andrade;psd;MG;1_sim;2_sim;3_sim;4_sim;5_sim;6_sim;7_sim;8_sim;9_sim;10_não;11_sim;12_sim;13_não_votou;14_sim;15_sim;16_não_votou;17_não_votou;18_sim;19_não_votou
178930;Evandro Roman;psd;PR;1_sim;2_sim;3_sim;4_sim;5_sim;6_sim;7_sim;8_sim;9_sim;10_não;11_sim;12_sim;13_sim;14_sim;15_sim;16_sim;17_não;18_sim;19_não
141428;Fábio Faria;psd;RN;1_sim;2_sim;3_sim;4_abstenção;5_sim;6_sim;7_sim;8_sim;9_sim;10_não;11_sim;12_sim;13_sim;14_sim;15_sim;16_sim;17_não;18_sim;19_sim
178969;Fábio Mitidieri;psd;SE;1_não;2_sim;3_não;4_sim;5_sim;6_sim;7_sim;8_sim;9_sim;10_não;11_sim;12_sim;13_não_votou;14_sim;15_sim;16_sim;17_não;18_sim;19_sim
141430;Felipe Bornier;psd;RJ;1_não_votou;2_sim;3_não;4_sim;5_sim;6_sim;7_sim;8_sim;9_não_votou;10_sim;11_sim;12_sim;13_sim;14_não;15_não;16_sim;17_sim;18_sim;19_sim
160676;Fernando Torres;psd;BA;1_sim;2_sim;3_sim;4_sim;5_não;6_não;7_sim;8_sim;9_sim;10_sim;11_sim;12_sim;13_não;14_sim;15_não_votou;16_não_votou;17_não_votou;18_sim;19_não_votou
178907;Francisco Chapadinha;psd;PA;1_sim;2_sim;3_sim;4_sim;5_sim;6_não_votou;7_não_votou;8_não_votou;9_sim;10_não_votou;11_sim;12_não_votou;13_sim;14_não_votou;15_sim;16_sim;17_não;18_sim;19_não
178980;Goulart;psd;SP;1_sim;2_sim;3_não_votou;4_sim;5_sim;6_sim;7_sim;8_sim;9_sim;10_não;11_não;12_sim;13_abstenção;14_não_votou;15_sim;16_sim;17_não;18_sim;19_sim
178981;Herculano Passos;psd;SP;1_sim;2_sim;3_sim;4_sim;5_sim;6_sim;7_sim;8_sim;9_sim;10_não;11_sim;12_sim;13_abstenção;14_sim;15_sim;16_sim;17_não;18_sim;19_não
160596;Heuler Cruvinel;psd;GO;1_sim;2_não;3_não;4_sim;5_sim;6_sim;7_não_votou;8_não_votou;9_sim;10_não_votou;11_sim;12_não_votou;13_não;14_sim;15_não;16_sim;17_não;18_sim;19_não
141389;Indio da Costa;psd;RJ;1_não_votou;2_sim;3_sim;4_sim;5_sim;6_sim;7_sim;8_sim;9_não_votou;10_não;11_sim;12_sim;13_abstenção;14_não_votou;15_sim;16_não;17_sim;18_sim;19_não
81232;Irajá Abreu;psd;TO;1_sim;2_não_votou;3_não_votou;4_sim;5_sim;6_sim;7_não_votou;8_não_votou;9_sim;10_não_votou;11_sim;12_não_votou;13_sim;14_sim;15_sim;16_não_votou;17_não_votou;18_sim;19_não_votou
74665;Jaime Martins;psd;MG;1_sim;2_não_votou;3_sim;4_sim;5_sim;6_sim;7_sim;8_sim;9_sim;10_sim;11_sim;12_sim;13_não_votou;14_sim;15_sim;16_sim;17_sim;18_não_votou;19_sim
74273;Jefferson Campos;psd;SP;1_sim;2_não_votou;3_não_votou;4_sim;5_sim;6_sim;7_sim;8_sim;9_sim;10_sim;11_sim;12_sim;13_abstenção;14_não;15_não;16_sim;17_não;18_sim;19_sim
160571;João Rodrigues;psd;SC;1_sim;2_sim;3_não;4_sim;5_sim;6_sim;7_sim;8_sim;9_sim;10_sim;11_sim;12_sim;13_não;14_não;15_não;16_sim;17_não;18_sim;19_não
178910;Joaquim Passarinho;psd;PA;1_não_votou;2_sim;3_sim;4_sim;5_sim;6_sim;7_sim;8_sim;9_sim;10_não;11_sim;12_sim;13_sim;14_não;15_sim;16_sim;17_não;18_sim;19_não
74140;José Carlos Araújo;psd;BA;1_sim;2_não_votou;3_não;4_sim;5_sim;6_sim;7_sim;8_sim;9_sim;10_não;11_sim;12_sim;13_sim;14_sim;15_não_votou;16_sim;17_não;18_sim;19_sim
160619;José Nunes;psd;BA;1_sim;2_sim;3_sim;4_não_votou;5_sim;6_sim;7_não;8_não;9_sim;10_sim;11_sim;12_sim;13_sim;14_sim;15_sim;16_sim;17_sim;18_sim;19_sim
74317;Júlio Cesar;psd;PI;1_sim;2_sim;3_sim;4_sim;5_sim;6_sim;7_sim;8_sim;9_sim;10_sim;11_sim;12_sim;13_abstenção;14_sim;15_sim;16_sim;17_não;18_sim;19_sim
141500;Marcos Montes;psd;MG;1_sim;2_sim;3_sim;4_sim;5_sim;6_sim;7_sim;8_sim;9_sim;10_sim;11_sim;12_sim;13_não;14_sim;15_sim;16_sim;17_sim;18_sim;19_não
74574;Paulo Magalhães;psd;BA;1_sim;2_sim;3_sim;4_sim;5_não;6_não;7_sim;8_não;9_não_votou;10_não;11_sim;12_sim;13_não;14_sim;15_sim;16_sim;17_não;18_sim;19_não
160655;Ricardo Izar;psd;SP;1_sim;2_não_votou;3_sim;4_sim;5_sim;6_sim;7_sim;8_sim;9_sim;10_sim;11_não;12_sim;13_não_votou;14_sim;15_sim;16_sim;17_não;18_sim;19_não
160426;Rogério Rosso;psd;DF;1_sim;2_sim;3_abstenção;4_sim;5_sim;6_sim;7_sim;8_sim;9_sim;10_não;11_sim;12_sim;13_sim;14_sim;15_sim;16_sim;17_sim;18_sim;19_sim
141536;Rômulo Gouveia;psd;PB;1_não;2_sim;3_sim;4_sim;5_sim;6_sim;7_sim;8_sim;9_sim;10_sim;11_sim;12_sim;13_sim;14_sim;15_sim;16_sim;17_sim;18_sim;19_sim
73808;Sérgio Brito;psd;BA;1_sim;2_sim;3_sim;4_sim;5_sim;6_sim;7_sim;8_não;9_sim;10_sim;11_sim;12_sim;13_não;14_sim;15_sim;16_sim;17_sim;18_sim;19_sim
160612;Sergio Zveiter;psd;RJ;1_não_votou;2_não_votou;3_não_votou;4_sim;5_não_votou;6_não_votou;7_não_votou;8_não_votou;9_sim;10_não_votou;11_não_votou;12_não_votou;13_sim;14_sim;15_sim;16_sim;17_não;18_sim;19_sim
74356;Silas Câmara;psd;AM;1_sim;2_sim;3_não;4_sim;5_não_votou;6_não_votou;7_sim;8_sim;9_não_votou;10_não;11_sim;12_sim;13_abstenção;14_sim;15_sim;16_sim;17_não;18_sim;19_sim
178947;Sóstenes Cavalcante;psd;RJ;1_sim;2_sim;3_não;4_sim;5_sim;6_sim;7_sim;8_sim;9_não;10_sim;11_sim;12_sim;13_sim;14_não;15_não;16_sim;17_sim;18_sim;19_não
160617;Thiago Peixoto;psd;GO;1_sim;2_não_votou;3_não_votou;4_não_votou;5_não_votou;6_não_votou;7_não_votou;8_não_votou;9_não_votou;10_não_votou;11_não_votou;12_não_votou;13_não_votou;14_não_votou;15_não_votou;16_não_votou;17_não_votou;18_não_votou;19_não_votou
141560;Walter Ihoshi;psd;SP;1_não_votou;2_sim;3_abstenção;4_sim;5_sim;6_sim;7_sim;8_sim;9_sim;10_não;11_sim;12_sim;13_não;14_sim;15_sim;16_não;17_não;18_sim;19_não
178875;Alexandre Baldy;psdb;GO;1_sim;2_não_votou;3_sim;4_não_votou;5_sim;6_sim;7_não_votou;8_não_votou;9_sim;10_não_votou;11_sim;12_não_votou;13_abstenção;14_não;15_não;16_sim;17_sim;18_sim;19_não
141454;Alfredo Kaefer;psdb;PR;1_sim;2_não_votou;3_sim;4_sim;5_sim;6_sim;7_sim;8_sim;9_sim;10_não;11_sim;12_sim;13_não;14_não;15_não;16_sim;17_não;18_sim;19_não
73584;Antonio Carlos Mendes Thame;psdb;SP;1_sim;2_sim;3_sim;4_sim;5_não_votou;6_não_votou;7_sim;8_sim;9_não_votou;10_não;11_não_votou;12_sim;13_sim;14_não_votou;15_não;16_não;17_não;18_sim;19_não
160530;Antonio Imbassahy;psdb;BA;1_sim;2_sim;3_sim;4_sim;5_sim;6_sim;7_sim;8_sim;9_sim;10_não;11_sim;12_sim;13_não;14_não;15_não;16_não;17_sim;18_sim;19_não
178847;Arthur Virgílio Bisneto;psdb;AM;1_sim;2_sim;3_sim;4_sim;5_sim;6_sim;7_sim;8_sim;9_sim;10_sim;11_sim;12_sim;13_sim;14_não;15_não;16_sim;17_não;18_sim;19_não
178915;Betinho Gomes;psdb;PE;1_sim;2_sim;3_sim;4_abstenção;5_não;6_não;7_sim;8_sim;9_sim;10_não;11_sim;12_sim;13_sim;14_não;15_não;16_sim;17_sim;18_sim;19_não
74650;Bonifácio de Andrada;psdb;MG;1_sim;2_sim;3_não;4_sim;5_sim;6_sim;7_sim;8_sim;9_não_votou;10_sim;11_sim;12_sim;13_sim;14_não_votou;15_não;16_não;17_não;18_sim;19_não
160589;Bruna Furlan;psdb;SP;1_sim;2_não_votou;3_não_votou;4_sim;5_sim;6_sim;7_sim;8_sim;9_sim;10_sim;11_sim;12_sim;13_sim;14_não_votou;15_não;16_sim;17_não;18_sim;19_não
141394;Bruno Araújo;psdb;PE;1_sim;2_sim;3_sim;4_sim;5_sim;6_sim;7_sim;8_sim;9_não_votou;10_sim;11_sim;12_sim;13_abstenção;14_não_votou;15_não;16_sim;17_não;18_sim;19_não
178976;Bruno Covas;psdb;SP;1_sim;2_sim;3_sim;4_sim;5_sim;6_sim;7_sim;8_sim;9_sim;10_não;11_não;12_sim;13_não;14_não;15_não;16_não;17_não;18_sim;19_não
178891;Caio Narcio;psdb;MG;1_sim;2_sim;3_não;4_sim;5_sim;6_sim;7_sim;8_sim;9_sim;10_não;11_sim;12_sim;13_abstenção;14_não;15_não;16_sim;17_não;18_não_votou;19_não
74262;Carlos Sampaio;psdb;SP;1_não_votou;2_não_votou;3_não_votou;4_sim;5_sim;6_sim;7_sim;8_sim;9_não_votou;10_não;11_sim;12_sim;13_sim;14_não;15_não;16_sim;17_não;18_sim;19_não
178876;Célio Silveira;psdb;GO;1_sim;2_não;3_sim;4_sim;5_sim;6_sim;7_sim;8_sim;9_sim;10_sim;11_sim;12_sim;13_abstenção;14_não;15_não;16_sim;17_não;18_sim;19_não
178916;Daniel Coelho;psdb;PE;1_sim;2_sim;3_não;4_abstenção;5_sim;6_sim;7_sim;8_abstenção;9_sim;10_sim;11_não;12_sim;13_sim;14_não;15_não;16_sim;17_sim;18_sim;19_não
164359;Delegado Waldir;psdb;GO;1_sim;2_sim;3_sim;4_sim;5_sim;6_sim;7_sim;8_sim;9_sim;10_sim;11_sim;12_sim;13_sim;14_não;15_não;16_não;17_sim;18_sim;19_sim
160758;Domingos Sávio;psdb;MG;1_sim;2_não_votou;3_não;4_sim;5_sim;6_sim;7_sim;8_sim;9_sim;10_não;11_sim;12_sim;13_abstenção;14_não;15_não_votou;16_sim;17_não;18_sim;19_não
74655;Eduardo Barbosa;psdb;MG;1_sim;2_sim;3_não;4_sim;5_não;6_não;7_sim;8_sim;9_sim;10_não;11_sim;12_sim;13_sim;14_não;15_não;16_sim;17_não;18_sim;19_sim
178977;Eduardo Cury;psdb;SP;1_sim;2_não_votou;3_não;4_sim;5_sim;6_sim;7_sim;8_sim;9_sim;10_não;11_sim;12_sim;13_abstenção;14_não;15_não;16_não;17_sim;18_sim;19_não
181316;Elizeu Dionizio;psdb;MS;1_sim;2_não_votou;3_não_votou;4_não_votou;5_não_votou;6_não_votou;7_não_votou;8_não_votou;9_não_votou;10_não_votou;11_não_votou;12_não_votou;13_não_votou;14_não_votou;15_não_votou;16_não_votou;17_não_votou;18_não_votou;19_não_votou
178877;Fábio Sousa;psdb;GO;1_sim;2_não;3_sim;4_sim;5_sim;6_sim;7_sim;8_sim;9_sim;10_sim;11_não_votou;12_não;13_abstenção;14_não;15_não;16_não;17_sim;18_sim;19_não
178966;Geovania de Sá;psdb;SC;1_sim;2_sim;3_não_votou;4_sim;5_sim;6_sim;7_sim;8_sim;9_não;10_não;11_não_votou;12_sim;13_sim;14_não;15_não;16_sim;17_não;18_sim;19_sim
178878;Giuseppe Vecci;psdb;GO;1_sim;2_não;3_não_votou;4_sim;5_sim;6_sim;7_sim;8_sim;9_sim;10_abstenção;11_sim;12_sim;13_sim;14_não;15_não;16_sim;17_não;18_sim;19_não
4931;Izalci;psdb;DF;1_sim;2_sim;3_sim;4_sim;5_sim;6_sim;7_sim;8_sim;9_sim;10_não;11_sim;12_sim;13_não;14_não;15_não;16_sim;17_não;18_sim;19_não
74366;João Campos;psdb;GO;1_sim;2_sim;3_sim;4_sim;5_sim;6_sim;7_sim;8_sim;9_sim;10_não;11_sim;12_sim;13_abstenção;14_não;15_não;16_sim;17_sim;18_sim;19_não
74445;João Castelo;psdb;MA;1_sim;2_sim;3_não;4_sim;5_sim;6_sim;7_sim;8_sim;9_sim;10_sim;11_sim;12_sim;13_sim;14_não;15_não;16_sim;17_não;18_sim;19_não
178856;João Gualberto;psdb;BA;1_não_votou;2_sim;3_sim;4_sim;5_sim;6_sim;7_sim;8_sim;9_sim;10_sim;11_não_votou;12_não_votou;13_abstenção;14_não;15_não;16_sim;17_não;18_sim;19_sim
178988;João Paulo Papa;psdb;SP;1_sim;2_sim;3_sim;4_sim;5_não;6_sim;7_sim;8_sim;9_sim;10_não;11_não_votou;12_sim;13_sim;14_não;15_não;16_não;17_não;18_sim;19_não
74570;Jutahy Junior;psdb;BA;1_sim;2_sim;3_sim;4_sim;5_sim;6_sim;7_sim;8_sim;9_não_votou;10_sim;11_não_votou;12_sim;13_não;14_não_votou;15_não_votou;16_não;17_não;18_não;19_não
74277;Lobbe Neto;psdb;SP;1_sim;2_sim;3_sim;4_sim;5_sim;6_sim;7_não_votou;8_não_votou;9_sim;10_não_votou;11_não_votou;12_não_votou;13_sim;14_não;15_não;16_não;17_sim;18_sim;19_não
73778;Luiz Carlos Hauly;psdb;PR;1_não_votou;2_não_votou;3_sim;4_não_votou;5_sim;6_sim;7_sim;8_sim;9_sim;10_não;11_sim;12_sim;13_sim;14_não;15_não;16_não;17_não;18_sim;19_não
160565;Mara Gabrilli;psdb;SP;1_sim;2_não_votou;3_sim;4_não_votou;5_não;6_sim;7_sim;8_abstenção;9_não;10_não;11_sim;12_sim;13_não_votou;14_não;15_não;16_não_votou;17_não_votou;18_não_votou;19_não_votou
160536;Marco Tebaldi;psdb;SC;1_sim;2_não_votou;3_não_votou;4_sim;5_sim;6_sim;7_sim;8_sim;9_sim;10_não;11_sim;12_sim;13_sim;14_não;15_não;16_sim;17_não;18_sim;19_sim
159238;Marcus Pestana;psdb;MG;1_sim;2_sim;3_não;4_sim;5_sim;6_sim;7_sim;8_sim;9_sim;10_não;11_sim;12_sim;13_abstenção;14_não;15_não;16_sim;17_não;18_sim;19_não
178956;Mariana Carvalho;psdb;RO;1_sim;2_sim;3_sim;4_sim;5_sim;6_sim;7_não_votou;8_não_votou;9_sim;10_não_votou;11_sim;12_não_votou;13_sim;14_não;15_não;16_sim;17_sim;18_sim;19_não
178827;Max Filho;psdb;ES;1_sim;2_não_votou;3_não;4_sim;5_não;6_não;7_não;8_não;9_não_votou;10_abstenção;11_sim;12_sim;13_sim;14_não;15_não;16_abstenção;17_sim;18_sim;19_não
178984;Miguel Haddad;psdb;SP;1_sim;2_sim;3_sim;4_sim;5_sim;6_sim;7_sim;8_sim;9_sim;10_não;11_sim;12_sim;13_abstenção;14_não;15_não;16_não;17_sim;18_sim;19_não
160567;Nelson Marchezan Junior;psdb;RS;1_sim;2_sim;3_sim;4_sim;5_sim;6_sim;7_sim;8_sim;9_sim;10_não;11_sim;12_sim;13_não;14_não;15_não;16_não;17_não;18_sim;19_não
166401;Nilson Leitão;psdb;MT;1_sim;2_não_votou;3_não;4_sim;5_sim;6_sim;7_sim;8_sim;9_sim;10_não;11_sim;12_sim;13_abstenção;14_não_votou;15_não;16_sim;17_sim;18_sim;19_não_votou
74352;Nilson Pinto;psdb;PA;1_sim;2_sim;3_sim;4_sim;5_sim;6_sim;7_sim;8_sim;9_sim;10_sim;11_sim;12_sim;13_não;14_não;15_não;16_sim;17_sim;18_sim;19_não
141515;Otavio Leite;psdb;RJ;1_sim;2_sim;3_sim;4_sim;5_sim;6_sim;7_sim;8_sim;9_sim;10_sim;11_não;12_sim;13_não;14_não;15_não;16_sim;17_não;18_sim;19_não_votou
141516;Paulo Abi-Ackel;psdb;MG;1_sim;2_sim;3_sim;4_não_votou;5_sim;6_sim;7_sim;8_sim;9_sim;10_sim;11_sim;12_sim;13_não;14_não;15_não;16_sim;17_não;18_sim;19_não
178912;Pedro Cunha Lima;psdb;PB;1_sim;2_não;3_não;4_sim;5_sim;6_sim;7_sim;8_sim;9_sim;10_sim;11_sim;12_sim;13_não;14_não;15_não;16_não;17_não;18_sim;19_não
178844;Pedro Vilela;psdb;AL;1_sim;2_não;3_sim;4_sim;5_sim;6_sim;7_não_votou;8_não_votou;9_sim;10_não_votou;11_sim;12_não_votou;13_abstenção;14_não;15_não;16_não;17_sim;18_sim;19_não
74216;Raimundo Gomes de Matos;psdb;CE;1_sim;2_não_votou;3_sim;4_sim;5_sim;6_sim;7_não_votou;8_sim;9_sim;10_não;11_sim;12_não_votou;13_abstenção;14_não;15_não;16_sim;17_não;18_sim;19_sim
141472;Ricardo Tripoli;psdb;SP;1_sim;2_sim;3_não_votou;4_sim;5_sim;6_sim;7_sim;8_sim;9_sim;10_sim;11_sim;12_sim;13_não;14_não;15_não;16_sim;17_sim;18_sim;19_não
178840;Rocha;psdb;AC;1_sim;2_sim;3_não;4_sim;5_sim;6_sim;7_sim;8_sim;9_sim;10_sim;11_sim;12_sim;13_não_votou;14_não;15_não;16_sim;17_não;18_não_votou;19_não
141531;Rodrigo de Castro;psdb;MG;1_sim;2_sim;3_sim;4_sim;5_sim;6_sim;7_sim;8_sim;9_sim;10_sim;11_sim;12_sim;13_sim;14_não;15_não;16_sim;17_não;18_sim;19_sim
141535;Rogério Marinho;psdb;RN;1_sim;2_sim;3_sim;4_sim;5_não_votou;6_sim;7_sim;8_sim;9_sim;10_sim;11_sim;12_sim;13_abstenção;14_não;15_não;16_sim;17_sim;18_sim;19_não
178935;Rossoni;psdb;PR;1_sim;2_sim;3_sim;4_sim;5_sim;6_sim;7_sim;8_sim;9_sim;10_sim;11_sim;12_sim;13_sim;14_não;15_não;16_sim;17_não;18_sim;19_sim
178990;Samuel Moreira;psdb;SP;1_sim;2_sim;3_sim;4_sim;5_sim;6_sim;7_não_votou;8_sim;9_sim;10_não;11_sim;12_não_votou;13_não;14_não;15_não;16_não;17_sim;18_sim;19_não
178961;Shéridan;psdb;RR;1_sim;2_sim;3_não_votou;4_sim;5_sim;6_sim;7_sim;8_sim;9_sim;10_sim;11_não_votou;12_sim;13_sim;14_não;15_não;16_não_votou;17_não_votou;18_sim;19_não_votou
73560;Silvio Torres;psdb;SP;1_sim;2_sim;3_sim;4_sim;5_sim;6_sim;7_sim;8_sim;9_sim;10_não;11_sim;12_sim;13_abstenção;14_não;15_não;16_sim;17_não;18_sim;19_não_votou
141553;Vanderlei Macris;psdb;SP;1_sim;2_sim;3_sim;4_sim;5_sim;6_sim;7_sim;8_sim;9_não_votou;10_não;11_sim;12_sim;13_abstenção;14_não_votou;15_não;16_sim;17_não;18_sim;19_não
178992;Vitor Lippi;psdb;SP;1_sim;2_sim;3_sim;4_sim;5_sim;6_sim;7_sim;8_sim;9_sim;10_não;11_sim;12_sim;13_sim;14_não;15_não;16_sim;17_não;18_sim;19_não
178881;Aluisio Mendes;psdc;MA;1_sim;2_sim;3_sim;4_não;5_sim;6_sim;7_sim;8_não;9_sim;10_não;11_sim;12_sim;13_não;14_sim;15_sim;16_não;17_não;18_não;19_sim
178802;Luiz Carlos Ramos;psdc;RJ;1_sim;2_sim;3_sim;4_sim;5_sim;6_sim;7_sim;8_sim;9_sim;10_sim;11_sim;12_sim;13_sim;14_sim;15_não;16_não;17_sim;18_sim;19_não
178867;Macedo;psl;CE;1_sim;2_sim;3_sim;4_não_votou;5_não_votou;6_não_votou;7_sim;8_não;9_não;10_sim;11_sim;12_sim;13_sim;14_sim;15_sim;16_sim;17_não;18_sim;19_sim
74171;Chico Alencar;psol;RJ;1_não;2_não;3_não;4_não;5_não;6_obstrução;7_obstrução;8_não;9_não;10_não;11_não;12_sim;13_sim;14_não;15_não;16_sim;17_não;18_sim;19_não
134812;Edmilson Rodrigues;psol;PA;1_não;2_não;3_não;4_não;5_não;6_obstrução;7_obstrução;8_não;9_não;10_não;11_não;12_sim;13_sim;14_não;15_não;16_sim;17_não;18_sim;19_não
152605;Glauber Braga;psol;RJ;1_não;2_não_votou;3_não_votou;4_não_votou;5_não_votou;6_não_votou;7_não_votou;8_não_votou;9_não_votou;10_não_votou;11_não_votou;12_não_votou;13_não_votou;14_não_votou;15_não_votou;16_não_votou;17_não_votou;18_não_votou;19_não_votou
73531;Ivan Valente;psol;SP;1_não;2_não;3_não;4_não;5_não;6_obstrução;7_obstrução;8_não;9_não;10_não;11_não;12_sim;13_sim;14_não;15_não;16_sim;17_não;18_sim;19_não
160672;Jean Wyllys;psol;RJ;1_não;2_não;3_não;4_não;5_não;6_obstrução;7_obstrução;8_não;9_não;10_não;11_não;12_sim;13_sim;14_não;15_não;16_sim;17_não;18_sim;19_não
178890;Adelmo Carneiro Leão;pt;MG;1_não;2_sim;3_sim;4_não;5_não;6_não;7_não;8_não;9_não;10_não;11_não;12_sim;13_sim;14_sim;15_sim;16_sim;17_não;18_não_votou;19_não_votou
160508;Afonso Florence;pt;BA;1_não;2_sim;3_sim;4_não;5_não;6_não;7_não;8_não;9_não;10_não;11_não;12_sim;13_sim;14_sim;15_sim;16_sim;17_não;18_sim;19_não
160511;Alessandro Molon;pt;RJ;1_não_votou;2_sim;3_sim;4_não;5_não;6_não;7_não;8_não;9_não;10_não;11_não;12_sim;13_sim;14_sim;15_sim;16_sim;17_não;18_sim;19_não
178973;Ana Perugini;pt;SP;1_não;2_sim;3_sim;4_não;5_não;6_não;7_não;8_não;9_não;10_não;11_não;12_sim;13_sim;14_sim;15_sim;16_sim;17_não;18_sim;19_não
178974;Andres Sanchez;pt;SP;1_não;2_sim;3_sim;4_sim;5_não;6_não;7_não;8_não;9_não;10_não;11_não;12_sim;13_sim;14_sim;15_sim;16_sim;17_não;18_sim;19_não
178837;Angelim;pt;AC;1_não;2_abstenção;3_sim;4_não;5_não;6_não;7_não;8_não;9_não;10_não;11_não;12_sim;13_sim;14_sim;15_sim;16_sim;17_não;18_sim;19_não
73433;Arlindo Chinaglia;pt;SP;1_não;2_não_votou;3_sim;4_não_votou;5_não;6_não;7_não;8_não;9_não;10_não;11_não;12_sim;13_sim;14_sim;15_sim;16_sim;17_não;18_sim;19_não
159237;Assis Carvalho;pt;PI;1_sim;2_sim;3_sim;4_não;5_não_votou;6_não_votou;7_não;8_não;9_não;10_não;11_não;12_sim;13_não_votou;14_sim;15_sim;16_sim;17_não;18_não_votou;19_não
74378;Assis do Couto;pt;PR;1_sim;2_não;3_sim;4_abstenção;5_não;6_não;7_não;8_não;9_não;10_não;11_não;12_sim;13_sim;14_sim;15_não_votou;16_sim;17_não;18_sim;19_sim
73701;Benedita da Silva;pt;RJ;1_não;2_sim;3_sim;4_não_votou;5_não;6_não;7_não;8_não;9_não;10_não;11_não;12_sim;13_sim;14_sim;15_sim;16_sim;17_não;18_sim;19_não
141335;Beto Faro;pt;PA;1_não;2_sim;3_sim;4_não;5_não;6_não;7_não;8_não;9_não;10_não;11_não;12_sim;13_sim;14_sim;15_sim;16_sim;17_não;18_sim;19_não
160538;Bohn Gass;pt;RS;1_não;2_abstenção;3_sim;4_não;5_não;6_não;7_não;8_não;9_não;10_não;11_não;12_sim;13_sim;14_sim;15_sim;16_sim;17_não;18_sim;19_não
178853;Caetano;pt;BA;1_não;2_sim;3_sim;4_não_votou;5_não;6_não;7_não;8_não;9_não;10_não;11_não;12_sim;13_sim;14_sim;15_sim;16_sim;17_não;18_sim;19_não
141398;Carlos Zarattini;pt;SP;1_sim;2_sim;3_sim;4_não;5_não;6_não;7_não;8_não;9_não;10_não;11_não;12_sim;13_não_votou;14_sim;15_sim;16_sim;17_não;18_não_votou;19_não
141439;Chico D Angelo;pt;RJ;1_não;2_sim;3_sim;4_não;5_não;6_não;7_não;8_não;9_não;10_não;11_não;12_sim;13_sim;14_sim;15_sim;16_sim;17_não;18_sim;19_não
141413;Décio Lima;pt;SC;1_não;2_sim;3_não_votou;4_não;5_não;6_não;7_não;8_não;9_não;10_não;11_não;12_sim;13_sim;14_não_votou;15_sim;16_sim;17_não_votou;18_sim;19_não
132504;Enio Verri;pt;PR;1_sim;2_sim;3_sim;4_não;5_não;6_não;7_não;8_não;9_não;10_não;11_não;12_sim;13_sim;14_sim;15_sim;16_sim;17_não;18_sim;19_não
160575;Erika Kokay;pt;DF;1_não;2_sim;3_sim;4_não;5_não;6_não;7_não;8_não;9_não;10_não;11_não;12_sim;13_sim;14_não_votou;15_não_votou;16_sim;17_não;18_sim;19_não
146829;Fabiano Horta;pt;RJ;1_não_votou;2_não_votou;3_não_votou;4_não_votou;5_não_votou;6_não_votou;7_não_votou;8_não_votou;9_não;10_não_votou;11_não;12_não_votou;13_não_votou;14_sim;15_sim;16_não_votou;17_não_votou;18_não_votou;19_não_votou
73481;Fernando Marroni;pt;RS;1_não_votou;2_sim;3_sim;4_não;5_não;6_não;7_não;8_não;9_não;10_não;11_não;12_sim;13_sim;14_sim;15_sim;16_sim;17_não;18_sim;19_não
129037;Gabriel Guimarães;pt;MG;1_sim;2_não_votou;3_sim;4_não;5_não;6_não;7_não;8_não;9_não_votou;10_não;11_não;12_sim;13_não_votou;14_sim;15_sim;16_sim;17_não;18_não_votou;19_não
178872;Givaldo Vieira;pt;ES;1_sim;2_sim;3_sim;4_não;5_não;6_não;7_não;8_não;9_não;10_não;11_não;12_sim;13_sim;14_sim;15_sim;16_sim;17_não;18_sim;19_não
178873;Helder Salomão;pt;ES;1_não;2_abstenção;3_sim;4_não;5_não;6_não;7_não;8_não;9_não;10_não;11_não;12_sim;13_sim;14_sim;15_sim;16_sim;17_não;18_sim;19_não
73482;Henrique Fontana;pt;RS;1_não_votou;2_sim;3_sim;4_não;5_não;6_não;7_não;8_não;9_não;10_não;11_não;12_sim;13_sim;14_sim;15_sim;16_sim;17_não;18_sim;19_não
178970;João Daniel;pt;SE;1_não;2_sim;3_sim;4_não;5_não;6_não;7_não;8_não;9_não;10_não;11_não;12_sim;13_sim;14_sim;15_sim;16_sim;17_não;18_sim;19_não
178857;Jorge Solla;pt;BA;1_não;2_não_votou;3_sim;4_não_votou;5_não;6_não;7_não;8_não;9_não;10_não;11_não;12_sim;13_sim;14_sim;15_sim;16_sim;17_não;18_sim;19_sim
141464;José Airton Cirilo;pt;CE;1_sim;2_sim;3_não_votou;4_não;5_não;6_não;7_não;8_não;9_não;10_não;11_não;12_sim;13_sim;14_sim;15_sim;16_sim;17_não;18_sim;19_não
141470;José Guimarães;pt;CE;1_sim;2_não_votou;3_sim;4_não;5_não;6_não;7_não;8_não;9_não;10_não;11_sim;12_sim;13_não_votou;14_sim;15_sim;16_sim;17_não;18_sim;19_não
74275;José Mentor;pt;SP;1_não_votou;2_não_votou;3_sim;4_não;5_não;6_não;7_não;8_não;9_não;10_não;11_não;12_sim;13_sim;14_sim;15_sim;16_sim;17_não;18_sim;19_não
178825;Leo de Brito;pt;AC;1_não;2_não_votou;3_sim;4_não;5_não;6_não;7_não;8_não;9_não;10_não;11_não;12_não;13_sim;14_sim;15_sim;16_sim;17_não;18_sim;19_não
74156;Leonardo Monteiro;pt;MG;1_não;2_sim;3_não_votou;4_não;5_não;6_não;7_não;8_não;9_não;10_não;11_não;12_sim;13_sim;14_sim;15_sim;16_sim;17_não;18_sim;19_não
74041;Luiz Couto;pt;PB;1_não;2_sim;3_não;4_não;5_não;6_não;7_não;8_não;9_não;10_não;11_não;12_sim;13_sim;14_sim;15_sim;16_sim;17_não;18_sim;19_não
178866;Luizianne Lins;pt;CE;1_não;2_sim;3_sim;4_não_votou;5_não;6_não;7_não;8_não;9_não;10_não;11_não;12_sim;13_sim;14_não_votou;15_não_votou;16_sim;17_não;18_sim;19_não
74688;Luiz Sérgio;pt;RJ;1_não_votou;2_sim;3_sim;4_não;5_não;6_não;7_não;8_não;9_não;10_não;11_sim;12_sim;13_sim;14_não_votou;15_sim;16_sim;17_não;18_não_votou;19_não
133373;Marco Maia;pt;RS;1_não;2_sim;3_sim;4_não;5_não;6_não;7_não;8_não;9_não;10_não;11_não;12_sim;13_sim;14_sim;15_sim;16_sim;17_não;18_sim;19_não
160535;Marcon;pt;RS;1_não;2_sim;3_não;4_não;5_não;6_não;7_não;8_não;9_não;10_não;11_não;12_sim;13_sim;14_não_votou;15_não_votou;16_sim;17_não;18_sim;19_não
171619;Margarida Salomão;pt;MG;1_abstenção;2_sim;3_sim;4_não;5_não;6_não;7_não;8_não;9_não;10_não;11_não;12_sim;13_sim;14_sim;15_sim;16_sim;17_não;18_sim;19_não
74398;Maria do Rosário;pt;RS;1_não;2_sim;3_sim;4_não_votou;5_não;6_não;7_não;8_não;9_não;10_não;11_não;12_não;13_sim;14_sim;15_sim;16_sim;17_não;18_sim;19_não
188097;Merlong Solano;pt;PI;1_não_votou;2_não_votou;3_não_votou;4_não_votou;5_não_votou;6_não_votou;7_não_votou;8_não_votou;9_não;10_não_votou;11_abstenção;12_não_votou;13_não_votou;14_não_votou;15_sim;16_não_votou;17_não_votou;18_não_votou;19_não_votou
178859;Moema Gramacho;pt;BA;1_não;2_sim;3_sim;4_não;5_não;6_não;7_não;8_não;9_não;10_não;11_não;12_sim;13_sim;14_sim;15_sim;16_sim;17_não;18_não_votou;19_não
178986;Nilto Tatto;pt;SP;1_não;2_sim;3_sim;4_não;5_não;6_não;7_não;8_não;9_não;10_não;11_não;12_sim;13_sim;14_sim;15_sim;16_sim;17_não;18_sim;19_não
178868;Odorico Monteiro;pt;CE;1_sim;2_sim;3_não_votou;4_abstenção;5_não;6_não;7_não;8_não;9_não;10_não;11_não;12_sim;13_sim;14_sim;15_sim;16_sim;17_não;18_sim;19_sim
160556;Padre João;pt;MG;1_não;2_sim;3_sim;4_não;5_não;6_não;7_não;8_não;9_não;10_não;11_não;12_sim;13_sim;14_não_votou;15_não_votou;16_sim;17_não;18_sim;19_não
171617;Paulão;pt;AL;1_abstenção;2_sim;3_sim;4_não;5_não;6_não;7_não;8_não;9_não;10_não;11_não;12_sim;13_sim;14_sim;15_sim;16_sim;17_não;18_sim;19_não
74400;Paulo Pimenta;pt;RS;1_não;2_não_votou;3_sim;4_não;5_não;6_não;7_não;8_não;9_não;10_não;11_não;12_sim;13_sim;14_sim;15_sim;16_sim;17_não;18_sim;19_não
141488;Paulo Teixeira;pt;SP;1_não;2_não_votou;3_não_votou;4_não;5_não;6_não;7_não;8_não;9_não;10_não;11_não;12_sim;13_sim;14_sim;15_sim;16_sim;17_não;18_sim;19_não
160604;Pedro Uczai;pt;SC;1_não;2_abstenção;3_sim;4_não;5_não;6_não;7_não;8_não;9_não;10_não;11_não;12_sim;13_sim;14_não_votou;15_não_votou;16_sim;17_não;18_sim;19_não
141445;Pepe Vargas;pt;RS;1_não;2_não_votou;3_não_votou;4_não_votou;5_não_votou;6_não_votou;7_não_votou;8_não_votou;9_não_votou;10_não_votou;11_não_votou;12_não_votou;13_não_votou;14_não_votou;15_não_votou;16_não_votou;17_não_votou;18_não_votou;19_não_votou
160641;Professora Marcivania;pt;AP;1_não;2_sim;3_sim;4_não;5_não;6_não;7_não;8_não;9_não;10_não;11_não;12_sim;13_sim;14_não_votou;15_não_votou;16_sim;17_não;18_sim;19_não
74161;Reginaldo Lopes;pt;MG;1_não;2_não_votou;3_sim;4_não_votou;5_não;6_não;7_não;8_não;9_não_votou;10_não;11_não_votou;12_sim;13_sim;14_sim;15_sim;16_sim;17_não;18_não;19_não
74371;Rubens Otoni;pt;GO;1_sim;2_sim;3_sim;4_sim;5_não;6_não;7_não;8_não;9_não_votou;10_não;11_não;12_sim;13_sim;14_sim;15_sim;16_sim;17_não;18_sim;19_não
160630;Ságuas Moraes;pt;MT;1_não;2_sim;3_sim;4_não;5_não;6_não;7_não;8_não;9_não;10_não;11_não_votou;12_sim;13_sim;14_sim;15_não_votou;16_sim;17_não;18_sim;19_não
160613;Sibá Machado;pt;AC;1_sim;2_não_votou;3_não_votou;4_não;5_não;6_não;7_não;8_não;9_não;10_não;11_não;12_sim;13_sim;14_sim;15_sim;16_sim;17_não;18_sim;19_não
178934;Toninho Wandscheer;pt;PR;1_sim;2_não;3_sim;4_sim;5_não;6_não_votou;7_não;8_não;9_não;10_não;11_não_votou;12_sim;13_sim;14_sim;15_sim;16_sim;17_não;18_não_votou;19_sim
160610;Valmir Assunção;pt;BA;1_não;2_sim;3_sim;4_não;5_não;6_não;7_não;8_não;9_não;10_não;11_não;12_sim;13_sim;14_sim;15_sim;16_sim;17_não;18_sim;19_não
113247;Valmir Prascidelli;pt;SP;1_sim;2_sim;3_não_votou;4_não;5_não;6_não;7_não;8_não;9_não;10_não;11_não;12_sim;13_sim;14_sim;15_sim;16_sim;17_não;18_não_votou;19_não
74376;Vander Loubet;pt;MS;1_não;2_não_votou;3_sim;4_sim;5_não;6_não_votou;7_não;8_não;9_não;10_não;11_não_votou;12_sim;13_não_votou;14_sim;15_sim;16_sim;17_não;18_não_votou;19_sim
160622;Vicente Candido;pt;SP;1_sim;2_não_votou;3_não_votou;4_não_votou;5_não;6_não;7_não;8_não;9_não;10_não;11_não;12_sim;13_sim;14_sim;15_sim;16_sim;17_não;18_não_votou;19_não
74283;Vicentinho;pt;SP;1_não;2_sim;3_sim;4_não;5_não;6_não;7_não;8_não;9_não;10_não;11_não;12_sim;13_sim;14_sim;15_sim;16_sim;17_não;18_sim;19_não
189593;Wadih Damous;pt;RJ;1_não;2_sim;3_não;4_não;5_não;6_não;7_não;8_não;9_não_votou;10_não;11_não_votou;12_sim;13_sim;14_não_votou;15_não_votou;16_sim;17_não;18_sim;19_não
160569;Waldenor Pereira;pt;BA;1_não;2_sim;3_não_votou;4_não_votou;5_não;6_não;7_não;8_não;9_não;10_não;11_não;12_sim;13_sim;14_sim;15_sim;16_sim;17_não;18_sim;19_não
160518;Weliton Prado;pt;MG;1_não;2_sim;3_sim;4_sim;5_sim;6_sim;7_abstenção;8_abstenção;9_não;10_abstenção;11_não;12_abstenção;13_abstenção;14_não;15_não;16_abstenção;17_abstenção;18_abstenção;19_abstenção
160592;Zeca Dirceu;pt;PR;1_não;2_não_votou;3_sim;4_não;5_não;6_não;7_não;8_não;9_não;10_não;11_não;12_não;13_sim;14_sim;15_sim;16_sim;17_não;18_sim;19_não
178902;Zeca do Pt;pt;MS;1_não;2_sim;3_sim;4_não;5_não_votou;6_não_votou;7_não;8_não;9_não;10_não;11_não;12_sim;13_não_votou;14_sim;15_sim;16_sim;17_não;18_não_votou;19_sim
178889;Zé Carlos;pt;MA;1_não_votou;2_sim;3_não;4_não;5_não;6_não;7_não;8_não;9_não;10_não;11_não;12_sim;13_sim;14_não_votou;15_não_votou;16_sim;17_não;18_sim;19_não
73931;Zé Geraldo;pt;PA;1_não;2_não_votou;3_sim;4_não;5_não;6_não;7_não;8_não;9_não;10_não;11_não;12_sim;13_sim;14_sim;15_sim;16_sim;17_não;18_sim;19_não
178914;Adalberto Cavalcanti;ptb;PE;1_sim;2_sim;3_sim;4_sim;5_sim;6_sim;7_sim;8_sim;9_não_votou;10_sim;11_não_votou;12_sim;13_sim;14_não_votou;15_não_votou;16_sim;17_sim;18_sim;19_sim
178968;Adelson Barreto;ptb;SE;1_sim;2_não_votou;3_sim;4_sim;5_sim;6_sim;7_sim;8_sim;9_sim;10_sim;11_não;12_sim;13_sim;14_não;15_não;16_sim;17_sim;18_sim;19_sim
73458;Alex Canziani;ptb;PR;1_sim;2_não_votou;3_sim;4_não_votou;5_não;6_não;7_sim;8_sim;9_sim;10_não;11_sim;12_não;13_sim;14_sim;15_sim;16_não;17_não_votou;18_sim;19_não
160553;Antonio Brito;ptb;BA;1_abstenção;2_não_votou;3_sim;4_sim;5_não;6_não;7_sim;8_sim;9_sim;10_sim;11_sim;12_sim;13_abstenção;14_não;15_abstenção;16_não;17_não;18_sim;19_sim
73434;Arnaldo Faria de Sá;ptb;SP;1_sim;2_sim;3_sim;4_sim;5_sim;6_sim;7_sim;8_sim;9_não;10_sim;11_sim;12_sim;13_sim;14_não;15_não;16_não;17_sim;18_sim;19_não
74291;Arnon Bezerra;ptb;CE;1_sim;2_não_votou;3_não_votou;4_sim;5_sim;6_não;7_sim;8_sim;9_sim;10_sim;11_sim;12_não;13_não_votou;14_sim;15_sim;16_não_votou;17_não_votou;18_sim;19_não_votou
74535;Benito Gama;ptb;BA;1_sim;2_sim;3_sim;4_sim;5_sim;6_sim;7_sim;8_sim;9_sim;10_sim;11_não_votou;12_sim;13_não;14_não;15_não;16_sim;17_não;18_sim;19_não
93472;Cristiane Brasil;ptb;RJ;1_não_votou;2_não_votou;3_não_votou;4_sim;5_sim;6_sim;7_sim;8_sim;9_não_votou;10_sim;11_sim;12_sim;13_sim;14_não;15_não;16_não_votou;17_não_votou;18_não_votou;19_não_votou
74172;Deley;ptb;RJ;1_sim;2_abstenção;3_sim;4_sim;5_não;6_não_votou;7_sim;8_sim;9_não;10_sim;11_não;12_sim;13_sim;14_não;15_não;16_não_votou;17_não_votou;18_sim;19_não_votou
160640;Eros Biondini;ptb;MG;1_sim;2_não_votou;3_sim;4_sim;5_não;6_sim;7_sim;8_sim;9_não;10_sim;11_sim;12_sim;13_sim;14_não;15_não;16_sim;17_não;18_sim;19_sim
160572;Jorge Côrte Real;ptb;PE;1_sim;2_sim;3_não_votou;4_sim;5_sim;6_sim;7_sim;8_sim;9_sim;10_sim;11_sim;12_sim;13_sim;14_sim;15_sim;16_sim;17_não;18_sim;19_sim
74351;Josué Bengtson;ptb;PA;1_sim;2_sim;3_sim;4_sim;5_sim;6_sim;7_sim;8_sim;9_sim;10_sim;11_sim;12_sim;13_não;14_não;15_não;16_sim;17_sim;18_sim;19_sim
73666;Jovair Arantes;ptb;GO;1_sim;2_não_votou;3_sim;4_sim;5_sim;6_sim;7_sim;8_sim;9_sim;10_sim;11_sim;12_não;13_abstenção;14_sim;15_sim;16_sim;17_não;18_sim;19_sim
178851;Jozi  Araújo;ptb;AP;1_sim;2_não_votou;3_não_votou;4_não_votou;5_não_votou;6_não_votou;7_não_votou;8_não_votou;9_não_votou;10_não_votou;11_não_votou;12_não_votou;13_não_votou;14_não_votou;15_não_votou;16_não_votou;17_não_votou;18_não_votou;19_não_votou
178851;Jozi Rocha;ptb;AP;1_não_votou;2_não_votou;3_não_votou;4_não;5_sim;6_sim;7_sim;8_sim;9_sim;10_sim;11_sim;12_sim;13_sim;14_sim;15_sim;16_sim;17_não;18_sim;19_sim
141485;Luiz Carlos Busato;ptb;RS;1_sim;2_não_votou;3_sim;4_sim;5_não;6_não;7_sim;8_sim;9_sim;10_sim;11_não_votou;12_sim;13_sim;14_sim;15_sim;16_não_votou;17_não_votou;18_não_votou;19_não_votou
73553;Nelson Marquezelli;ptb;SP;1_sim;2_não;3_sim;4_não_votou;5_sim;6_sim;7_sim;8_sim;9_sim;10_sim;11_sim;12_sim;13_não;14_sim;15_sim;16_não;17_não;18_sim;19_sim
74359;Nilton Capixaba;ptb;RO;1_sim;2_sim;3_sim;4_sim;5_sim;6_sim;7_não_votou;8_não_votou;9_sim;10_não_votou;11_não_votou;12_não_votou;13_sim;14_sim;15_não;16_sim;17_não;18_sim;19_sim
74319;Paes Landim;ptb;PI;1_sim;2_não_votou;3_sim;4_sim;5_sim;6_sim;7_sim;8_sim;9_sim;10_sim;11_não;12_sim;13_não_votou;14_sim;15_sim;16_não;17_não;18_sim;19_não
74449;Pedro Fernandes;ptb;MA;1_não_votou;2_não;3_não;4_sim;5_não;6_não;7_sim;8_sim;9_não;10_não;11_sim;12_sim;13_não;14_sim;15_sim;16_não;17_sim;18_sim;19_não
178920;Ricardo Teobaldo;ptb;PE;1_sim;2_não_votou;3_não_votou;4_sim;5_sim;6_sim;7_sim;8_sim;9_sim;10_sim;11_sim;12_sim;13_não_votou;14_sim;15_sim;16_sim;17_não;18_não_votou;19_sim
163321;Ronaldo Nogueira;ptb;RS;1_sim;2_sim;3_sim;4_sim;5_sim;6_sim;7_sim;8_sim;9_não;10_não;11_não;12_sim;13_não;14_não;15_não;16_não;17_não;18_sim;19_não_votou
141542;Sérgio Moraes;ptb;RS;1_sim;2_não_votou;3_não;4_sim;5_sim;6_sim;7_sim;8_sim;9_não_votou;10_sim;11_sim;12_sim;13_não;14_não;15_não;16_sim;17_não;18_sim;19_sim
160631;Walney Rocha;ptb;RJ;1_sim;2_não;3_não;4_sim;5_sim;6_sim;7_sim;8_sim;9_sim;10_sim;11_sim;12_sim;13_não;14_não;15_não;16_sim;17_não;18_sim;19_sim
160636;Wilson Filho;ptb;PB;1_sim;2_não;3_sim;4_não_votou;5_sim;6_sim;7_sim;8_não_votou;9_sim;10_sim;11_não;12_sim;13_sim;14_sim;15_sim;16_sim;17_sim;18_sim;19_sim
178923;Zeca Cavalcanti;ptb;PE;1_sim;2_sim;3_sim;4_sim;5_sim;6_sim;7_sim;8_sim;9_não;10_sim;11_sim;12_sim;13_não_votou;14_sim;15_sim;16_sim;17_não;18_não_votou;19_sim
178999;Brunny;ptc;MG;1_não;2_sim;3_não_votou;4_não;5_sim;6_sim;7_não_votou;8_não;9_não;10_não;11_não;12_não_votou;13_sim;14_sim;15_sim;16_não;17_não;18_sim;19_não
178863;Uldurico Junior;ptc;BA;1_sim;2_sim;3_sim;4_sim;5_não;6_não;7_sim;8_não;9_não;10_não;11_não;12_sim;13_não_votou;14_sim;15_não;16_não;17_não;18_não_votou;19_sim
160510;Luis Tibé;ptdob;MG;1_não_votou;2_sim;3_sim;4_sim;5_sim;6_sim;7_sim;8_não;9_sim;10_não;11_sim;12_sim;13_sim;14_sim;15_sim;16_não;17_não;18_sim;19_não
186775;Pastor Franklin;ptdob;MG;1_sim;2_sim;3_sim;4_sim;5_sim;6_sim;7_sim;8_não;9_sim;10_não;11_sim;12_sim;13_não;14_sim;15_não;16_sim;17_não;18_não_votou;19_não
69871;Bacelar;ptn;BA;1_sim;2_sim;3_sim;4_sim;5_não;6_não;7_sim;8_não;9_não;10_não;11_sim;12_sim;13_não;14_sim;15_sim;16_não;17_não;18_sim;19_não
178928;Christiane de Souza Yared;ptn;PR;1_não;2_sim;3_sim;4_sim;5_não;6_não;7_não;8_não;9_não;10_não;11_sim;12_sim;13_sim;14_não;15_não;16_não;17_não;18_sim;19_não
178893;Delegado Edson Moreira;ptn;MG;1_não;2_sim;3_não;4_sim;5_sim;6_sim;7_sim;8_sim;9_sim;10_não;11_sim;12_sim;13_não;14_sim;15_sim;16_não;17_não;18_sim;19_não
178989;Renata Abreu;ptn;SP;1_sim;2_sim;3_sim;4_sim;5_sim;6_sim;7_não;8_não;9_sim;10_sim;11_sim;12_sim;13_sim;14_sim;15_sim;16_sim;17_não;18_não_votou;19_não
178830;Dr. Sinval Malheiros;pv;SP;1_sim;2_sim;3_não_votou;4_sim;5_não;6_sim;7_sim;8_não;9_não_votou;10_não;11_não;12_sim;13_sim;14_não;15_não;16_não_votou;17_não_votou;18_sim;19_não_votou
178871;Evair de Melo;pv;ES;1_não;2_sim;3_não;4_sim;5_não;6_sim;7_não;8_sim;9_sim;10_não;11_sim;12_sim;13_sim;14_sim;15_não;16_sim;17_sim;18_sim;19_sim
178828;Evandro Gussi;pv;SP;1_sim;2_sim;3_não_votou;4_não;5_não;6_não;7_sim;8_sim;9_sim;10_sim;11_não;12_sim;13_não_votou;14_não;15_não;16_sim;17_não;18_sim;19_não
141427;Fábio Ramalho;pv;MG;1_sim;2_sim;3_sim;4_não;5_não;6_não;7_sim;8_sim;9_sim;10_sim;11_não;12_sim;13_não_votou;14_não_votou;15_sim;16_sim;17_não;18_sim;19_sim
178832;Leandre;pv;PR;1_sim;2_sim;3_sim;4_sim;5_sim;6_sim;7_não;8_não;9_sim;10_não;11_não;12_sim;13_sim;14_não;15_não;16_sim;17_sim;18_sim;19_sim
80920;Penna;pv;SP;1_não_votou;2_não_votou;3_sim;4_não;5_sim;6_não;7_sim;8_não;9_não_votou;10_não;11_não_votou;12_sim;13_sim;14_não_votou;15_não_votou;16_sim;17_sim;18_sim;19_não
74210;Sarney Filho;pv;MA;1_não_votou;2_não_votou;3_sim;4_não;5_não;6_não;7_sim;8_não;9_não_votou;10_não;11_não;12_não_votou;13_sim;14_sim;15_sim;16_sim;17_sim;18_não_votou;19_sim
178888;Victor Mendes;pv;MA;1_sim;2_não;3_sim;4_sim;5_não_votou;6_não_votou;7_sim;8_não;9_sim;10_sim;11_não;12_sim;13_sim;14_sim;15_sim;16_sim;17_não;18_sim;19_não
141563;William Woo;pv;SP;1_não_votou;2_não_votou;3_não_votou;4_não_votou;5_não_votou;6_não_votou;7_não_votou;8_não_votou;9_sim;10_não_votou;11_não;12_não_votou;13_não_votou;14_sim;15_não;16_não_votou;17_não_votou;18_não_votou;19_não_votou
160511;Alessandro Molon;rede;RJ;1_não;2_não_votou;3_não_votou;4_não_votou;5_não_votou;6_não_votou;7_não_votou;8_não_votou;9_não_votou;10_não_votou;11_não_votou;12_não_votou;13_não_votou;14_não_votou;15_não_votou;16_não_votou;17_não_votou;18_não_votou;19_não_votou
178927;Aliel Machado;rede;PR;1_não;2_não_votou;3_não_votou;4_não_votou;5_não_votou;6_não_votou;7_não_votou;8_não_votou;9_não_votou;10_não_votou;11_não_votou;12_não_votou;13_não_votou;14_não_votou;15_não_votou;16_não_votou;17_não_votou;18_não_votou;19_não_votou
178883;Eliziane Gama;rede;MA;1_não;2_não_votou;3_não_votou;4_não_votou;5_não_votou;6_não_votou;7_não_votou;8_não_votou;9_não_votou;10_não_votou;11_não_votou;12_não_votou;13_não_votou;14_não_votou;15_não_votou;16_não_votou;17_não_votou;18_não_votou;19_não_votou
178965;João Derly;rede;RS;1_não;2_não_votou;3_não_votou;4_não_votou;5_não_votou;6_não_votou;7_não_votou;8_não_votou;9_não_votou;10_não_votou;11_não_votou;12_não_votou;13_não_votou;14_não_votou;15_não_votou;16_não_votou;17_não_votou;18_não_votou;19_não_votou
74862;Miro Teixeira;rede;RJ;1_não;2_não_votou;3_não_votou;4_não_votou;5_não_votou;6_não_votou;7_não_votou;8_não_votou;9_não_votou;10_não_votou;11_não_votou;12_não_votou;13_não_votou;14_não_votou;15_não_votou;16_não_votou;17_não_votou;18_não_votou;19_não_votou
160600;Arthur Oliveira Maia;solidaried;BA;1_sim;2_não_votou;3_sim;4_sim;5_sim;6_sim;7_sim;8_sim;9_sim;10_sim;11_não_votou;12_sim;13_abstenção;14_não;15_não;16_não_votou;17_não_votou;18_sim;19_não_votou
73655;Augusto Carvalho;solidaried;DF;1_sim;2_sim;3_não;4_não;5_não;6_não;7_sim;8_não;9_sim;10_sim;11_não;12_sim;13_sim;14_não;15_não;16_sim;17_sim;18_sim;19_sim
160665;Augusto Coutinho;solidaried;PE;1_sim;2_não_votou;3_sim;4_sim;5_sim;6_sim;7_sim;8_sim;9_sim;10_não;11_sim;12_não;13_não;14_não;15_não;16_não_votou;17_não_votou;18_sim;19_não_votou
160512;Aureo;solidaried;RJ;1_sim;2_sim;3_sim;4_sim;5_não;6_não;7_sim;8_sim;9_sim;10_não;11_não_votou;12_sim;13_sim;14_não;15_não;16_não_votou;17_não_votou;18_sim;19_não_votou
74040;Benjamin Maranhão;solidaried;PB;1_sim;2_sim;3_sim;4_sim;5_sim;6_sim;7_sim;8_sim;9_sim;10_não;11_sim;12_sim;13_abstenção;14_não;15_não;16_não_votou;17_não_votou;18_sim;19_não_votou
74163;Carlos Manato;solidaried;ES;1_sim;2_sim;3_sim;4_sim;5_sim;6_sim;7_sim;8_sim;9_sim;10_sim;11_sim;12_sim;13_não;14_não;15_não;16_sim;17_não;18_sim;19_sim
181316;Elizeu Dionizio;solidaried;MS;1_não_votou;2_sim;3_não;4_sim;5_sim;6_sim;7_sim;8_não;9_sim;10_não;11_sim;12_sim;13_sim;14_sim;15_sim;16_sim;17_não;18_sim;19_sim
178953;Expedito Netto;solidaried;RO;1_não;2_sim;3_sim;4_sim;5_não;6_sim;7_sim;8_sim;9_sim;10_não;11_sim;12_sim;13_não_votou;14_não;15_não_votou;16_sim;17_não;18_não_votou;19_sim
178941;Ezequiel Teixeira;solidaried;RJ;1_sim;2_sim;3_sim;4_sim;5_sim;6_sim;7_sim;8_sim;9_sim;10_abstenção;11_sim;12_sim;13_abstenção;14_não;15_não_votou;16_sim;17_sim;18_sim;19_não
160646;Fernando Francischini;solidaried;PR;1_não_votou;2_não_votou;3_sim;4_sim;5_sim;6_sim;7_sim;8_sim;9_não_votou;10_sim;11_não_votou;12_sim;13_sim;14_não_votou;15_não_votou;16_sim;17_não;18_sim;19_sim
160669;Genecias Noronha;solidaried;CE;1_sim;2_sim;3_sim;4_não_votou;5_sim;6_não_votou;7_sim;8_sim;9_sim;10_sim;11_não_votou;12_sim;13_não_votou;14_não;15_não;16_sim;17_não;18_não_votou;19_sim
178842;JHC;solidaried;AL;1_não_votou;2_sim;3_sim;4_sim;5_não;6_sim;7_não;8_não;9_não_votou;10_não;11_sim;12_sim;13_sim;14_não;15_não;16_não;17_sim;18_sim;19_sim
151965;José Maia Filho;solidaried;PI;1_não_votou;2_não_votou;3_não_votou;4_não_votou;5_não;6_não;7_sim;8_sim;9_não_votou;10_sim;11_não_votou;12_sim;13_sim;14_não_votou;15_não_votou;16_sim;17_não_votou;18_sim;19_sim
151208;Laercio Oliveira;solidaried;SE;1_sim;2_sim;3_sim;4_sim;5_sim;6_não_votou;7_não_votou;8_sim;9_sim;10_sim;11_sim;12_sim;13_sim;14_não;15_não;16_não_votou;17_não_votou;18_sim;19_não_votou
178879;Lucas Vergilio;solidaried;GO;1_sim;2_sim;3_sim;4_sim;5_sim;6_sim;7_sim;8_sim;9_sim;10_sim;11_sim;12_sim;13_sim;14_não;15_não;16_sim;17_sim;18_sim;19_sim
151965;Mainha;solidaried;PI;1_não;2_não_votou;3_sim;4_sim;5_não_votou;6_não_votou;7_não_votou;8_não_votou;9_não_votou;10_não_votou;11_não_votou;12_não_votou;13_não_votou;14_não_votou;15_não_votou;16_não_votou;17_não_votou;18_não_votou;19_não_votou
141518;Paulo Pereira da Silva;solidaried;SP;1_sim;2_não_votou;3_não;4_sim;5_sim;6_sim;7_não_votou;8_sim;9_sim;10_sim;11_sim;12_não_votou;13_abstenção;14_não;15_não;16_sim;17_sim;18_sim;19_sim
73930;Wladimir Costa;solidaried;PA;1_não_votou;2_não_votou;3_sim;4_não_votou;5_não_votou;6_não_votou;7_não_votou;8_não_votou;9_não_votou;10_não_votou;11_não_votou;12_não_votou;13_não_votou;14_não_votou;15_não_votou;16_não_votou;17_não_votou;18_não_votou;19_não_votou
160632;Zé Silva;solidaried;MG;1_sim;2_sim;3_sim;4_sim;5_sim;6_sim;7_sim;8_sim;9_sim;10_sim;11_sim;12_sim;13_sim;14_não;15_não;16_sim;17_não;18_sim;19_sim
178938;Cabo Daciolo;s.part.;RJ;1_não;2_não_votou;3_não;4_não_votou;5_não;6_não;7_não;8_não_votou;9_não;10_não_votou;11_não;12_sim;13_não_votou;14_não;15_não;16_não;17_sim;18_não_votou;19_não
